postcode,eastings,northings,source
AL1 1LN,515162,206876,postcodes
AL1 2NU,514595,205340,postcodes
AL1 2QA,514062,205732,postcodes
AL1 3RQ,515408,207339,postcodes
AL1 3SJ,515178,207803,postcodes
AL1 4PR,516318,207649,postcodes
AL1 5AR,516718,205808,postcodes
AL10 8AB,522909,208334,postcodes
AL10 8NL,522514,208173,postcodes
AL3 4AW,514062,206249,postcodes
AL3 4HB,514362,207138,postcodes
AL3 5AY,515175,208527,postcodes
AL3 6DB,515194,209265,postcodes
AL3 6DR,514375,209577,postcodes
AL4 0JA,518252,207701,postcodes
AL4 0TT,518230,206806,postcodes
AL4 0XB,517492,207641,postcodes
AL4 9NX,516857,209364,postcodes
AL5 3AE,512259,214762,postcodes
AL5 4QP,514095,215076,postcodes
AL5 4TD,513587,215005,postcodes
AL5 5FH,514999,215108,postcodes
AL6 0BJ,523688,215931,postcodes
AL7 2AF,525654,213071,postcodes
AL7 4RZ,525542,211010,postcodes
AL8 6YN,522583,211967,postcodes
AL8 6YR,522890,211688,postcodes
AL8 7LW,523540,215221,postcodes
AL8 7NL,523380,214986,postcodes
AL9 6NN,526435,203841,postcodes
AL9 6NS,526770,203393,postcodes
AL9 7BN,525545,204751,postcodes
B1 2RX,405967,287033,postcodes
B10 0HJ,410609,284997,postcodes
B10 0NR,409407,285850,postcodes
B10 9RX,409945,286120,postcodes
B11 1AR,408392,285552,postcodes
B11 1PL,409434,284707,postcodes
B12 0TP,407948,285577,postcodes
B12 0YH,407768,285294,postcodes
B12 8NJ,408130,284274,postcodes
B12 9FF,407850,284924,postcodes
B12 9LB,407249,284488,postcodes
B13 0TW,408653,281306,postcodes
B13 8QB,407139,282459,postcodes
B13 8QG,406767,282687,postcodes
B13 9UU,409339,282395,postcodes
B14 4HN,409395,279517,postcodes
B14 7EG,407559,281752,postcodes
B14 7QJ,406741,281461,postcodes
B15 1RX,405471,285571,postcodes
B15 2AF,406474,285707,postcodes
B15 2UA,405294,283628,postcodes
B15 2UB,405170,283652,postcodes
B15 2UR,405870,284797,postcodes
B15 3AU,405383,285772,postcodes
B15 3DU,405269,285703,postcodes
B15 3TS,405020,285454,postcodes
B16 9GD,403144,286643,postcodes
B16 9SL,404102,286398,postcodes
B17 8QB,402596,285647,postcodes
B17 9TG,402444,284700,postcodes
B17 9TS,402364,284581,postcodes
B18 7AJ,405267,287387,postcodes
B18 7RL,405335,288134,postcodes
B19 1HJ,406160,289721,postcodes
B19 2EP,406868,289134,postcodes
B19 2LF,406398,288647,postcodes
B20 1HL,404021,292374,postcodes
B20 2HL,404914,290687,postcodes
B20 3DP,407184,290576,postcodes
B21 0HN,403651,289705,postcodes
B21 0PD,403900,289248,postcodes
B21 8LE,402646,290437,postcodes
B21 9AR,405273,289329,postcodes
B21 9ET,404621,289652,postcodes
B23 5XA,411566,292605,postcodes
B23 6DE,410352,291579,postcodes
B23 6DF,410491,291509,postcodes
B23 6QL,411252,292335,postcodes
B23 7AT,408935,292889,postcodes
B23 7PG,409681,290358,postcodes
B24 8BL,411036,291009,postcodes
B26 2HX,414369,285606,postcodes
B26 2RZ,415089,285513,postcodes
B27 6LL,412432,283799,postcodes
B27 7QG,411478,282393,postcodes
B27 7XY,412207,283004,postcodes
B29 4HE,401653,281225,postcodes
B29 6HZ,404294,281904,postcodes
B29 6QU,403579,282039,postcodes
B30 1HW,404500,280311,postcodes
B30 1UL,403975,281106,postcodes
B30 2AE,404466,281544,postcodes
B30 3ES,404855,279472,postcodes
B31 1LD,402107,280247,postcodes
B31 4BS,402026,277762,postcodes
B32 3AE,401291,283087,postcodes
B32 4BT,400144,281569,postcodes
B33 0DL,414974,286949,postcodes
B33 9BF,412656,287550,postcodes
B35 7NL,414985,291284,postcodes
B36 0UE,417338,288996,postcodes
B36 8AF,412323,289429,postcodes
B36 9HF,416051,290426,postcodes
B37 5FD,417598,287207,postcodes
B37 5GA,417004,287314,postcodes
B37 5JS,416713,286394,postcodes
B37 6NU,417302,287761,postcodes
B38 8AP,403715,279021,postcodes
B38 9DE,404755,277790,postcodes
B38 9EL,403788,277085,postcodes
B4 7PS,407612,287260,postcodes
B4 7QD,407740,287247,postcodes
B42 2PY,406307,293655,postcodes
B42 2SY,407189,291005,postcodes
B42 2TU,407434,291470,postcodes
B43 7SD,403793,294987,postcodes
B44 0HF,408348,292910,postcodes
B44 8NU,406673,294247,postcodes
B45 9EL,398007,276977,postcodes
B45 9NY,399872,277588,postcodes
B46 2RJ,423394,290017,postcodes
B46 3EX,420066,287490,postcodes
B46 3JE,420301,287523,postcodes
B47 5JW,408361,276696,postcodes
B49 5ED,408656,257782,postcodes
B49 6PX,409373,257798,postcodes
B5 5SU,407857,286398,postcodes
B5 7UH,406008,284042,postcodes
B6 4PZ,407492,288728,postcodes
B6 5NU,407099,289484,postcodes
B6 6DJ,407857,289532,postcodes
B6 6JU,407498,289943,postcodes
B6 7SS,409201,289875,postcodes
B60 1BA,396509,271052,postcodes
B60 2EP,397155,269792,postcodes
B60 3NL,395919,269644,postcodes
B61 0JL,395971,273821,postcodes
B61 7DU,395949,269998,postcodes
B62 9DR,398176,285486,postcodes
B63 3NA,396597,284255,postcodes
B63 4BB,396098,283738,postcodes
B64 6QU,395885,286608,postcodes
B65 9AL,396843,287437,postcodes
B66 4ND,402550,287236,postcodes
B67 7JG,401000,288919,postcodes
B68 9PA,400642,287274,postcodes
B69 3BU,398083,290445,postcodes
B7 4AG,407831,287915,postcodes
B7 4EU,408330,287432,postcodes
B7 4QR,408549,287783,postcodes
B70 6AW,400634,290800,postcodes
B70 6QT,401538,290422,postcodes
B70 8DJ,400142,291495,postcodes
B70 8SZ,400401,291735,postcodes
B70 9UW,399273,291992,postcodes
B71 2BX,400317,293488,postcodes
B71 4LG,402277,290066,postcodes
B72 1RB,412398,295667,postcodes
B73 5PT,411592,295111,postcodes
B74 2EX,408080,296704,postcodes
B74 2NH,412162,296814,postcodes
B74 4RZ,411193,299099,postcodes
B75 7JB,415060,296515,postcodes
B75 7JT,413812,295975,postcodes
B76 1QT,412891,294399,postcodes
B77 2HJ,422886,302082,postcodes
B78 1QT,425756,301529,postcodes
B79 7HS,421061,304175,postcodes
B79 8AA,420817,304717,postcodes
B8 2AS,412178,288026,postcodes
B8 2SD,411701,289397,postcodes
B8 3DT,410797,287780,postcodes
B9 4TR,409786,286713,postcodes
B9 5QA,411518,286465,postcodes
B9 5SX,411310,286634,postcodes
B90 2AZ,411345,278535,postcodes
B90 2PZ,411610,277942,postcodes
B90 4DX,412243,276323,postcodes
B91 1SB,414236,279083,postcodes
B91 1SN,413886,278705,postcodes
B91 3DJ,415649,279645,postcodes
B91 3NZ,414461,278624,postcodes
B91 3PD,414034,278622,postcodes
B91 3WR,415564,278675,postcodes
B92 7ER,412889,281194,postcodes
B93 0PT,417695,276176,postcodes
B97 5LX,403724,263720,postcodes
B97 6PQ,402595,267785,postcodes
B98 0GF,407074,266648,postcodes
B98 0HF,406983,266072,postcodes
B98 7UH,406277,264898,postcodes
B98 8DW,404298,267714,postcodes
B98 8HB,404461,267851,postcodes
BA1 1UP,374857,164581,postcodes
BA1 2HX,374767,165047,postcodes
BA1 5RG,374356,166715,postcodes
BA1 5SZ,374674,166525,postcodes
BA1 6ND,375686,166713,postcodes
BA1 9AB,371650,166107,postcodes
BA10 0DF,367668,134108,postcodes
BA10 0ED,368293,134610,postcodes
BA11 2AB,377999,148319,postcodes
BA11 2HB,377994,148612,postcodes
BA11 2HQ,378326,149364,postcodes
BA11 3RG,369929,150212,postcodes
BA11 4LA,377051,147963,postcodes
BA11 4LB,376377,147735,postcodes
BA12 8PJ,386885,145279,postcodes
BA12 9DR,388640,144805,postcodes
BA13 3QH,386912,150893,postcodes
BA13 4DL,385422,149989,postcodes
BA13 4JY,385680,153096,postcodes
BA13 4LF,386165,154239,postcodes
BA14 0DJ,384908,156958,postcodes
BA14 9EH,384737,157538,postcodes
BA14 9EN,384693,157619,postcodes
BA15 1DZ,382046,161478,postcodes
BA16 0PS,347717,135472,postcodes
BA16 0YD,349141,136222,postcodes
BA2 3LA,374177,164220,postcodes
BA2 4RE,375015,163751,postcodes
BA2 5AH,376211,162885,postcodes
BA2 5RF,374255,161932,postcodes
BA2 6HU,376182,165328,postcodes
BA2 7AD,376779,162706,postcodes
BA2 7HG,377372,162077,postcodes
BA2 8PA,373481,161673,postcodes
BA21 4DR,355320,116752,postcodes
BA21 4NZ,356208,117825,postcodes
BA21 5AZ,356873,116604,postcodes
BA22 8BE,357018,122207,postcodes
BA22 8ST,351874,116874,postcodes
BA3 2JD,366127,154003,postcodes
BA3 3AL,367182,153883,postcodes
BA3 3NQ,370048,154337,postcodes
BA3 4AD,366667,153608,postcodes
BA3 4RJ,365538,150643,postcodes
BA4 4FZ,363284,140301,postcodes
BA5 2NR,354410,146115,postcodes
BA5 2ST,355145,146123,postcodes
BB1 2PW,369819,426753,postcodes
BB1 5JT,369541,428835,postcodes
BB10 2AT,385581,434156,postcodes
BB10 3RB,390387,435192,postcodes
BB11 5BT,382491,431420,postcodes
BB12 0AN,383756,433095,postcodes
BB12 0QZ,383439,432971,postcodes
BB2 1LH,367801,428134,postcodes
BB2 2JR,367497,427458,postcodes
BB2 2LD,367893,427473,postcodes
BB2 3NY,368528,426557,postcodes
BB2 6DF,367394,428672,postcodes
BB2 6QU,365012,428779,postcodes
BB2 7AD,366262,428761,terminated_postcodes
BB3 1AF,369012,422319,postcodes
BB3 1HZ,368279,423052,postcodes
BB3 2NG,369420,420504,postcodes
BB3 3HD,369407,422102,postcodes
BB4 4EY,378946,421489,postcodes
BB4 6LR,379466,421679,postcodes
BB4 6RX,380180,422555,postcodes
BB4 7BJ,383761,421916,postcodes
BB4 8HW,381293,423579,postcodes
BB5 1NT,375926,428424,postcodes
BB5 4AY,375219,429494,postcodes
BB5 5PJ,374489,431133,postcodes
BB7 2DJ,374554,442124,postcodes
BB7 9PZ,369010,439041,postcodes
BB8 8HH,388866,438979,postcodes
BB9 7YT,385547,438709,postcodes
BB9 8LF,387308,438633,postcodes
BD1 5BD,416892,433194,postcodes
BD1 5LD,416729,432835,postcodes
BD10 0NR,419927,438253,postcodes
BD10 9AQ,418077,438289,postcodes
BD13 5AD,407031,436790,postcodes
BD14 6JX,412444,431228,postcodes
BD16 1EE,411428,438319,postcodes
BD16 2RS,410227,439957,postcodes
BD17 5RH,413641,438463,postcodes
BD18 3JW,414023,437869,postcodes
BD2 1JP,417001,435969,postcodes
BD20 6ED,405556,442717,postcodes
BD20 7RL,400829,444837,postcodes
BD22 7DU,404999,439755,postcodes
BD23 1PL,398604,451917,postcodes
BD23 1QL,398304,451970,postcodes
BD23 1US,397687,451924,postcodes
BD23 2DB,398678,450822,postcodes
BD24 0AU,381433,464056,postcodes
BD24 0DE,381043,463971,postcodes
BD3 0LT,416820,434393,postcodes
BD3 8HE,418751,433399,postcodes
BD4 6NR,419879,429876,postcodes
BD4 7QS,417627,431287,postcodes
BD4 7RH,417540,431336,postcodes
BD4 9PH,418210,431017,postcodes
BD5 0DX,416529,432554,postcodes
BD5 7JR,416223,431838,postcodes
BD5 7PE,415643,431464,postcodes
BD5 9DH,415216,431078,postcodes
BD5 9ET,414772,430877,postcodes
BD6 2LE,414441,429573,postcodes
BD7 1AY,415374,432843,postcodes
BD8 0DH,412691,433642,postcodes
BD8 7DA,415724,434401,postcodes
BD8 8EJ,415505,433668,postcodes
BD8 9AR,414361,433525,postcodes
BD8 9ES,414515,433846,postcodes
BD9 4BQ,414095,435459,postcodes
BD9 4JP,415253,435387,postcodes
BD9 6NA,412423,435936,postcodes
BD9 6RY,412800,435760,postcodes
BH1 1PA,409394,91553,terminated_postcodes
BH10 5HS,407077,95191,postcodes
BH11 9JW,405719,96108,postcodes
BH12 4HU,405076,93239,postcodes
BH12 4LL,404732,94304,postcodes
BH12 5AD,405251,94610,postcodes
BH12 5BN,406399,93812,postcodes
BH13 6AS,405855,91720,terminated_postcodes
BH14 0LS,402787,91677,postcodes
BH15 2BW,401240,91655,postcodes
BH15 3HY,402581,93044,postcodes
BH16 6JD,395957,93504,postcodes
BH16 6JN,396071,91254,postcodes
BH17 7EP,401026,94030,postcodes
BH17 8RE,402452,94340,postcodes
BH17 9JU,401486,94983,postcodes
BH17 9NG,401327,94591,postcodes
BH18 9BG,399673,96672,postcodes
BH2 6LD,408710,91983,postcodes
BH20 4PF,391466,87069,postcodes
BH20 6NU,384096,88129,terminated_postcodes
BH21 2SS,402162,100866,postcodes
BH21 3AA,400913,98357,postcodes
BH21 3AD,403370,98910,postcodes
BH21 4DT,399751,100747,postcodes
BH21 5RU,406203,115065,postcodes
BH22 9EY,406976,100735,postcodes
BH23 1DN,415912,92795,postcodes
BH23 1JF,415498,92623,postcodes
BH23 3AU,417337,93507,postcodes
BH23 4QD,419688,94144,postcodes
BH23 6BP,409686,97890,postcodes
BH23 8EE,418719,100477,postcodes
BH24 1SE,415370,105437,postcodes
BH24 2EB,413241,104704,postcodes
BH24 2NN,413469,104801,postcodes
BH25 6RS,423809,94609,postcodes
BH4 9NJ,407086,92434,postcodes
BH5 2DY,412465,91614,postcodes
BH6 4AH,414740,91547,postcodes
BH7 6NY,412265,93232,postcodes
BH8 8TH,410213,93062,postcodes
BH8 9PW,410715,94238,postcodes
BH8 9PY,410083,94343,postcodes
BH8 9UJ,410478,94586,postcodes
BH9 1AJ,409541,93084,postcodes
BL0 0RT,381361,417293,postcodes
BL1 3QE,371305,410820,postcodes
BL1 3UB,371124,410415,postcodes
BL1 4PA,369981,409347,postcodes
BL1 4PB,369981,409347,postcodes
BL1 6PQ,370734,411734,postcodes
BL1 8LX,371680,410866,postcodes
BL2 3BP,373025,411807,postcodes
BL2 4HU,374352,410729,postcodes
BL2 6PD,374514,409512,postcodes
BL3 2EF,371880,407081,postcodes
BL3 2RR,372412,407818,postcodes
BL3 4HE,369749,407897,postcodes
BL3 4TP,368571,408088,postcodes
BL3 5AG,370929,408612,postcodes
BL3 5BG,371154,408769,postcodes
BL3 5BU,371232,408782,postcodes
BL6 7RU,363763,412782,postcodes
BL6 7RX,363517,413049,postcodes
BL7 9AB,372607,412804,postcodes
BL7 9LT,372794,413130,postcodes
BL8 2BS,379130,410108,postcodes
BL8 4NG,378031,415885,postcodes
BL9 0BG,380497,410154,postcodes
BL9 0HN,379907,410518,postcodes
BL9 6JD,381843,411696,postcodes
BL9 9BB,380310,409856,postcodes
BN1 3AT,530214,104746,postcodes
BN1 4SB,531455,105082,postcodes
BN1 6WQ,530864,107431,postcodes
BN1 9PW,534441,108236,postcodes
BN11 1UG,514540,103243,postcodes
BN11 2LY,515980,103111,postcodes
BN11 4BL,514431,102756,postcodes
BN12 5AF,510449,103120,postcodes
BN13 1JX,512104,104337,postcodes
BN15 0RW,519422,106480,postcodes
BN15 8AN,518263,104160,postcodes
BN15 9QZ,517609,105221,postcodes
BN16 4HH,506898,103538,postcodes
BN17 6FE,503215,102593,postcodes
BN18 0RH,496003,108490,postcodes
BN2 0AF,532667,104058,postcodes
BN2 0AL,532406,104087,postcodes
BN2 0LS,532564,104089,postcodes
BN2 5RQ,534960,103192,postcodes
BN2 6BB,535428,105832,postcodes
BN2 7BA,535594,103613,postcodes
BN21 2UF,560249,101276,postcodes
BN21 4JX,560920,98372,postcodes
BN22 8HR,561693,99850,postcodes
BN23 8EJ,561605,103853,postcodes
BN25 2JB,548577,100718,postcodes
BN25 4LX,549437,98938,postcodes
BN27 3QH,555082,109771,postcodes
BN3 3ER,529521,105278,postcodes
BN3 4FH,528292,104826,postcodes
BN3 6EG,530000,105923,postcodes
BN3 6ND,529775,105758,postcodes
BN3 7BN,528268,106172,postcodes
BN3 8BN,527358,107502,postcodes
BN41 2WS,524992,107180,postcodes
BN43 6YT,523499,105520,postcodes
BN44 3RX,517581,111754,postcodes
BN6 9HT,526732,118458,postcodes
BN6 9JS,529021,117571,postcodes
BN7 1XS,541151,110005,postcodes
BN7 3AE,535849,113500,postcodes
BN7 3EY,541222,106513,postcodes
BN7 3NF,540249,108268,postcodes
BN8 4EF,538378,121024,postcodes
BR1 2TW,543210,168259,postcodes
BR1 3HY,540925,169879,postcodes
BR1 5EB,540283,171807,postcodes
BR1 5LE,539970,172330,postcodes
BR2 7AB,540912,165589,postcodes
BR2 7AG,539695,165532,postcodes
BR2 7DB,540620,165814,postcodes
BR2 8HE,541685,167255,postcodes
BR2 8HP,541797,165342,postcodes
BR2 8HZ,542413,166807,postcodes
BR2 8LD,542315,166633,postcodes
BR2 9EH,540682,168046,postcodes
BR3 1QR,536154,170469,postcodes
BR3 3BE,537998,167337,postcodes
BR3 3BP,537937,167404,postcodes
BR3 3RD,536452,168281,postcodes
BR3 3SJ,537359,168677,postcodes
BR4 9AE,539022,165858,postcodes
BR5 3HS,547397,169336,postcodes
BR5 4EP,547940,167642,postcodes
BR5 4LG,547240,165902,postcodes
BR6 0TE,546394,166195,postcodes
BR6 7PH,548873,164181,postcodes
BR6 8ER,543751,164996,postcodes
BR6 9BD,547748,165554,postcodes
BR6 9SA,544739,165247,postcodes
BR6 9SH,546565,165188,postcodes
BR7 5ES,542509,170782,postcodes
BR7 5LJ,542533,169755,postcodes
BR7 5PS,544319,169675,postcodes
BR7 6FG,543994,171772,postcodes
BR7 6HE,545368,170915,postcodes
BR7 6LR,544956,170418,postcodes
BR7 6SD,545071,170932,postcodes
BR8 7TE,550995,168634,postcodes
BR8 8DR,552507,168344,postcodes
BS1 5TS,358349,172641,postcodes
BS1 5UA,358005,172613,postcodes
BS1 6RT,359254,172055,postcodes
BS10 6NJ,357605,178281,terminated_postcodes
BS10 7QH,356369,179219,postcodes
BS11 0EB,353565,177054,postcodes
BS11 0SU,354526,178665,postcodes
BS11 0UT,354340,177616,postcodes
BS13 0RG,359137,167765,postcodes
BS13 9AJ,357570,168258,postcodes
BS13 9AX,356964,167905,postcodes
BS15 1NU,363439,174467,postcodes
BS15 3LA,363855,171694,postcodes
BS15 4JT,366433,173750,postcodes
BS15 8BD,364292,173280,postcodes
BS16 1BJ,361495,175852,postcodes
BS16 2HD,362685,175845,postcodes
BS16 4EA,363846,175542,postcodes
BS16 4RL,365021,174890,postcodes
BS16 6XA,365823,177133,postcodes
BS20 0HU,353062,175142,postcodes
BS20 7QR,346592,175294,postcodes
BS21 6AH,341539,172264,postcodes
BS21 6EX,340939,170817,postcodes
BS23 2AL,331743,161777,postcodes
BS23 4UT,331635,158759,postcodes
BS24 7DX,336395,161899,postcodes
BS24 8EE,334877,160710,postcodes
BS25 1PD,342863,157459,postcodes
BS25 5QN,343573,160094,postcodes
BS27 3AQ,345738,153103,postcodes
BS3 2JL,356264,171476,postcodes
BS3 4PZ,359417,171872,postcodes
BS30 8TS,367344,171620,postcodes
BS30 8XL,366946,173258,postcodes
BS30 8XQ,366835,173223,postcodes
BS31 1PH,366193,167947,postcodes
BS31 1SP,366238,168240,postcodes
BS32 4AJ,360717,182519,postcodes
BS32 9BS,362247,182062,postcodes
BS34 8SF,361679,179588,postcodes
BS35 1HT,363804,190863,postcodes
BS35 2JU,364681,190343,postcodes
BS35 3JT,362606,188488,postcodes
BS35 3LA,362752,188386,postcodes
BS35 4JN,357051,184980,postcodes
BS36 1JL,364902,180695,postcodes
BS37 4DX,371274,182056,postcodes
BS37 6EW,372687,181808,postcodes
BS37 7LB,370551,183722,postcodes
BS4 1QY,358507,169772,postcodes
BS4 5PS,362775,170527,postcodes
BS4 5RQ,363026,170256,postcodes
BS40 8QB,356724,162348,postcodes
BS48 2HN,347595,170419,postcodes
BS48 2NN,346784,171272,postcodes
BS48 3BX,348675,168840,postcodes
BS5 9JH,361040,173619,postcodes
BS6 5JL,359712,174735,postcodes
BS6 5RD,359028,174476,postcodes
BS6 6BU,358522,174103,postcodes
BS6 6DT,358273,174016,postcodes
BS6 7EH,358158,175050,postcodes
BS7 9BY,360736,176504,postcodes
BS8 1JX,357773,173041,postcodes
BS8 1SR,358075,173419,postcodes
BS8 3EZ,357064,173993,postcodes
BS8 3JD,356997,173520,postcodes
BS9 3AW,357295,176931,postcodes
BS9 3BA,357147,176445,postcodes
BS9 4LR,358168,176409,postcodes
CA1 1JB,340363,556171,postcodes
CA1 1LY,340881,556068,postcodes
CA11 7EG,351215,529599,postcodes
CA11 8NG,351836,529571,postcodes
CA12 5QB,326156,524296,postcodes
CA13 9HF,312965,531103,postcodes
CA14 4EB,301125,528475,postcodes
CA14 4JN,301157,524509,postcodes
CA14 4JW,301874,525522,postcodes
CA14 4SS,301604,526243,postcodes
CA15 6NT,304205,536757,postcodes
CA16 6XU,368104,521037,postcodes
CA17 4HA,377335,508852,postcodes
CA2 4NL,340980,553066,postcodes
CA2 6LB,337775,554499,postcodes
CA22 2DQ,301020,510969,postcodes
CA27 0DS,296940,512198,postcodes
CA28 8TY,299268,517106,postcodes
CA28 8UG,299294,517791,postcodes
CA3 0BU,339697,559299,postcodes
CA3 9PB,339119,557417,postcodes
CA5 7BX,337160,547464,postcodes
CA5 7NN,337141,550508,postcodes
CA7 9PX,325838,548050,postcodes
CA8 1AR,352532,561292,postcodes
CA8 2AB,352628,561892,postcodes
CB1 2AW,546109,257963,postcodes
CB1 2AZ,546329,257835,postcodes
CB1 2JB,545788,257358,postcodes
CB1 8NN,548100,255823,postcodes
CB11 3TR,552129,234707,postcodes
CB11 4UH,553225,237758,postcodes
CB2 0SZ,546560,254938,postcodes
CB2 1HF,545350,257533,postcodes
CB2 1JE,545197,257445,postcodes
CB2 1LY,545353,257320,postcodes
CB2 7AD,545115,257540,postcodes
CB2 8EB,545968,256372,postcodes
CB2 8PE,546093,256570,postcodes
CB2 8PX,545927,255513,postcodes
CB2 8QF,546337,255803,postcodes
CB21 4NN,555791,246605,postcodes
CB21 5EE,550522,256430,terminated_postcodes
CB22 6SE,540819,248481,postcodes
CB23 6FR,531051,259895,postcodes
CB23 7DU,537543,255959,postcodes
CB24 1DH,541036,266850,postcodes
CB24 1DJ,541132,266716,postcodes
CB24 6DF,547751,262854,postcodes
CB24 8UA,545040,267054,postcodes
CB24 9LX,544621,263169,postcodes
CB24 9LY,544451,262986,postcodes
CB24 9NG,545798,263637,postcodes
CB3 0RX,542445,262860,postcodes
CB4 1NQ,546134,259841,postcodes
CB4 2EE,545185,260050,postcodes
CB4 2QT,545847,261822,postcodes
CB4 3NY,544976,259864,postcodes
CB6 1BD,553789,280875,postcodes
CB6 1LJ,555992,287360,postcodes
CB6 2SH,553085,281562,postcodes
CB7 4DB,553900,279951,postcodes
CB8 7LF,563265,266545,postcodes
CB9 0LB,568456,245087,postcodes
CB9 0LD,567770,246274,postcodes
CB9 7UA,567218,245541,terminated_postcodes
CH1 2HU,340494,366521,postcodes
CH1 2NN,340143,366381,postcodes
CH1 6LT,337852,372597,postcodes
CH2 1BQ,340071,368653,postcodes
CH2 1HD,341044,368890,postcodes
CH2 1NN,341821,368864,postcodes
CH2 3HR,342070,367186,postcodes
CH2 4ES,343112,369192,postcodes
CH3 5UX,341931,365391,postcodes
CH3 5XF,342334,365597,postcodes
CH3 6EN,344351,361929,postcodes
CH3 7AD,344406,365445,postcodes
CH3 7JA,347408,369182,postcodes
CH4 7AE,340916,365590,postcodes
CH4 7HS,340504,365157,postcodes
CH4 7QL,339935,363826,postcodes
CH41 4NT,332168,388959,postcodes
CH42 1NW,332821,386892,postcodes
CH43 1TY,330226,388373,postcodes
CH43 1UQ,330386,388636,postcodes
CH43 2JD,329989,388049,postcodes
CH43 8SQ,330093,389120,postcodes
CH44 3HS,329819,391357,postcodes
CH45 3LN,329331,392417,postcodes
CH45 4RJ,330336,392261,postcodes
CH45 8PJ,329242,391892,postcodes
CH46 1RA,327146,391121,postcodes
CH48 5DH,321245,387150,postcodes
CH48 5DP,321240,387477,postcodes
CH48 6EQ,323054,387063,postcodes
CH48 8GG,322702,386267,postcodes
CH49 5LA,327633,386895,postcodes
CH49 5LF,328503,386713,postcodes
CH49 6LJ,327053,388255,postcodes
CH61 6XN,326064,383433,postcodes
CH62 8EH,335053,379767,postcodes
CH63 2PS,332543,384485,postcodes
CH63 3AF,332551,384030,postcodes
CH63 3AQ,332673,383910,postcodes
CH63 7LF,333096,385155,postcodes
CH64 9NH,329913,378392,postcodes
CH65 1AN,337119,378840,postcodes
CH65 6EA,339625,375970,postcodes
CH65 7AQ,339029,375251,postcodes
CH66 2NU,339260,374456,postcodes
CM0 8QB,594812,197071,postcodes
CM1 1RW,570446,207808,postcodes
CM1 2QE,569786,206235,postcodes
CM1 3ET,568647,206118,postcodes
CM1 3RR,567757,207066,postcodes
CM1 3SX,570311,207442,postcodes
CM1 4BS,570112,208776,postcodes
CM1 4ZB,569890,208941,postcodes
CM1 6DT,572460,209753,postcodes
CM1 6LY,572009,208520,postcodes
CM1 7ER,570330,210961,postcodes
CM1 7SJ,571851,207870,postcodes
CM12 0RT,568237,196151,postcodes
CM12 9LH,567497,193951,postcodes
CM13 2HG,562282,194023,postcodes
CM14 4EX,559629,193514,postcodes
CM14 4JF,559922,193341,postcodes
CM15 8BE,560538,193381,postcodes
CM15 8EE,560106,193750,postcodes
CM15 8RY,561383,195827,postcodes
CM15 9DA,559417,194524,postcodes
CM16 4BA,545736,201858,postcodes
CM16 5JB,545175,201956,postcodes
CM18 6AA,545298,209354,postcodes
CM18 6RN,544870,208770,postcodes
CM2 0JQ,570466,205798,postcodes
CM2 7AQ,573813,204638,postcodes
CM2 8RW,570418,203293,postcodes
CM2 9ES,570732,205035,postcodes
CM2 9RZ,571835,204625,postcodes
CM20 3EZ,544949,209957,postcodes
CM20 3LH,544937,210061,postcodes
CM21 9BY,548235,215763,postcodes
CM23 2BD,548215,222950,postcodes
CM23 2NQ,548369,221288,postcodes
CM23 2PQ,548102,221412,postcodes
CM23 4SH,548620,219050,postcodes
CM23 5BD,550264,221808,postcodes
CM23 5HX,549575,221392,postcodes
CM23 5NA,549252,221060,postcodes
CM23 5NJ,549579,221024,postcodes
CM3 3HS,573406,210255,postcodes
CM3 5JU,581365,197372,postcodes
CM4 0DJ,565109,199850,postcodes
CM5 0AN,555309,204311,postcodes
CM6 1XJ,562924,221423,postcodes
CM6 2AU,562142,222955,postcodes
CM6 3LL,567922,220610,postcodes
CM7 1WY,575787,221713,postcodes
CM7 2YN,574635,223964,postcodes
CM7 5XP,574927,223831,postcodes
CM8 2SD,581843,216574,postcodes
CM8 2TA,581715,216609,postcodes
CM8 3HH,582446,217089,postcodes
CM9 6AB,584943,206788,postcodes
CO1 1SN,599291,225335,postcodes
CO10 0NH,589081,239947,postcodes
CO10 1NN,587470,242386,postcodes
CO10 1NW,587555,242294,postcodes
CO10 5NA,593224,237375,postcodes
CO13 0AZ,623919,221068,postcodes
CO15 3JL,616730,215858,postcodes
CO15 6DZ,618049,215605,postcodes
CO15 6HF,618734,215872,postcodes
CO16 9PY,617558,220631,postcodes
CO3 0PZ,595677,224424,postcodes
CO3 3LL,598855,225606,postcodes
CO3 3ND,598776,224842,postcodes
CO3 3RB,598121,224996,postcodes
CO3 3US,597973,224640,postcodes
CO3 4QS,597740,224215,postcodes
CO4 5HG,599270,228387,postcodes
CO6 3QL,594341,225392,postcodes
CO6 4RW,598211,236616,postcodes
CO7 7ET,606229,224379,postcodes
CO9 1PF,578998,230630,postcodes
CO9 3HX,578390,233850,postcodes
CO9 3PX,577965,234504,postcodes
CO9 3QH,577844,235021,postcodes
CR0 0AH,539266,161390,postcodes
CR0 1AX,532032,165452,postcodes
CR0 1DN,532404,164766,postcodes
CR0 2EF,532710,166297,postcodes
CR0 2HN,532809,167432,postcodes
CR0 2TB,532061,166218,postcodes
CR0 4BH,531723,165112,postcodes
CR0 4PG,530266,164853,postcodes
CR0 5EF,535619,165391,postcodes
CR0 5JQ,533488,165081,postcodes
CR0 6NA,533456,166433,postcodes
CR0 9AZ,537810,163952,postcodes
CR2 6DF,531969,163571,postcodes
CR2 6DT,531858,163253,postcodes
CR2 6YT,532310,164027,postcodes
CR2 7HY,533892,164327,postcodes
CR2 7HZ,533818,164220,postcodes
CR2 8HD,536106,163133,postcodes
CR2 8YB,535104,162023,postcodes
CR2 9LQ,534897,160266,postcodes
CR3 5FX,533178,157314,postcodes
CR3 5PN,532663,155483,postcodes
CR3 6YA,533568,154347,postcodes
CR3 7YA,535990,154822,postcodes
CR4 1BP,529866,168628,postcodes
CR4 1SF,528466,169089,postcodes
CR4 3AF,527466,168555,postcodes
CR4 3ED,527555,169088,postcodes
CR5 2EH,529725,160752,postcodes
CR5 3QG,528469,157840,postcodes
CR6 9YB,534676,159360,postcodes
CR7 7AA,532652,167936,postcodes
CR7 7BN,532300,167999,postcodes
CR7 8BT,531394,169670,postcodes
CR8 1EX,533238,160175,postcodes
CR8 2XP,531024,162230,postcodes
CR8 3YP,530068,162321,postcodes
CR9 1DX,532678,165539,postcodes
CR9 2EE,532461,166335,postcodes
CR9 5AS,535632,165162,postcodes
CR9 5BX,534777,163835,postcodes
CR9 7AL,534884,166653,postcodes
CR9 7AT,535123,165785,postcodes
CT1 1PH,615709,157599,postcodes
CT1 1SU,616290,157296,postcodes
CT1 2ES,615177,158075,postcodes
CT1 2QD,614757,157647,postcodes
CT1 3DT,615729,157038,postcodes
CT1 3EN,616376,156068,postcodes
CT1 3EW,616127,156286,postcodes
CT1 3JJ,614943,156851,postcodes
CT1 3LQ,615888,156830,postcodes
CT10 1EB,639747,168679,postcodes
CT10 1PN,639267,167278,postcodes
CT10 2LH,637333,168004,postcodes
CT10 2RL,638329,167990,postcodes
CT10 2RT,638084,167977,postcodes
CT11 7AE,637927,166018,postcodes
CT11 7PS,638045,165250,postcodes
CT12 5FH,633201,163044,postcodes
CT12 6FA,636191,166814,postcodes
CT12 6FH,636145,166707,postcodes
CT12 6PT,636791,166181,postcodes
CT12 6RH,637673,166655,postcodes
CT13 0FA,632781,156959,postcodes
CT13 9JX,633436,157821,postcodes
CT13 9QL,633753,162216,postcodes
CT14 8DW,636117,148238,postcodes
CT14 8JG,635095,149687,postcodes
CT14 9BD,637076,151679,postcodes
CT14 9TR,637000,152247,postcodes
CT15 4BF,628133,149974,postcodes
CT15 4FB,626361,152647,postcodes
CT15 5EQ,632730,143466,postcodes
CT16 2EG,630895,144193,postcodes
CT16 2PZ,631484,142361,postcodes
CT16 2QB,631515,142620,postcodes
CT17 0AS,630219,141531,postcodes
CT17 0DQ,630352,141716,postcodes
CT17 9RH,631581,141655,postcodes
CT19 4PB,620523,137192,postcodes
CT19 5DN,622300,137128,postcodes
CT19 5FP,621910,137354,postcodes
CT19 5JY,621202,136613,postcodes
CT2 0HD,619490,161793,postcodes
CT2 7AP,614417,159483,postcodes
CT2 7FG,613771,159235,postcodes
CT2 8HU,613413,159177,postcodes
CT2 8QA,613734,157763,postcodes
CT2 9DT,613117,159367,postcodes
CT20 2NB,621721,136098,postcodes
CT20 2PY,621633,135965,terminated_postcodes
CT20 3RB,620830,135550,postcodes
CT21 4HL,614827,135838,postcodes
CT4 7AS,615323,155828,postcodes
CT4 7BF,614094,155269,terminated_postcodes
CT4 8EG,607811,153756,postcodes
CT5 1PX,611680,165736,postcodes
CT6 7NS,616779,167112,postcodes
CT6 8JZ,616025,167337,postcodes
CT7 0BB,630663,168376,postcodes
CT7 0BH,630898,168301,postcodes
CT7 9BL,631296,169463,postcodes
CT8 8LX,631606,169446,postcodes
CT9 3TP,637978,170160,postcodes
CT9 4JA,635999,168552,postcodes
CT9 5RE,634470,169919,postcodes
CV1 2BA,434595,278268,postcodes
CV1 4AU,432576,279597,postcodes
CV1 4BU,433011,279801,postcodes
CV1 4FS,433573,279607,postcodes
CV1 5DG,433851,279672,postcodes
CV1 5LY,433919,279573,postcodes
CV10 0BJ,437036,292941,postcodes
CV10 7EX,435344,291162,postcodes
CV11 4BE,436624,291724,postcodes
CV11 4PN,436954,291093,postcodes
CV11 4QH,436701,290364,postcodes
CV11 5SS,435012,292059,postcodes
CV11 6AA,436859,292166,postcodes
CV11 6BH,437419,292634,postcodes
CV12 9EA,436782,287035,postcodes
CV13 0JD,444243,306580,postcodes
CV13 0LE,440579,303063,postcodes
CV2 2AJ,437319,282128,postcodes
CV2 2RH,437866,282322,postcodes
CV2 3JS,436032,280840,postcodes
CV2 4JW,435785,279661,postcodes
CV2 5BD,437259,279772,postcodes
CV21 3AG,450809,275063,postcodes
CV21 3AW,450343,275105,postcodes
CV22 5ET,452666,273591,postcodes
CV22 5PE,450174,273880,postcodes
CV22 6DY,449438,273798,postcodes
CV22 7JT,447919,274287,postcodes
CV22 7RE,448614,272977,postcodes
CV23 1ED,455334,274603,postcodes
CV23 9PX,439532,271035,postcodes
CV3 1FP,435477,278570,postcodes
CV3 1FQ,435526,278746,postcodes
CV3 2QD,436882,277628,postcodes
CV3 4BD,435037,276605,postcodes
CV3 4EA,435864,276025,postcodes
CV3 6AQ,432935,278102,postcodes
CV3 6BH,431699,275898,postcodes
CV3 6EA,432258,276117,postcodes
CV31 1QH,433031,264229,postcodes
CV31 2HB,432667,263844,postcodes
CV32 5JE,430821,265587,postcodes
CV32 5RD,431612,266339,postcodes
CV32 5TW,431674,266588,postcodes
CV32 6NB,430674,266587,postcodes
CV32 6RD,431850,268706,postcodes
CV33 9QD,430468,261462,postcodes
CV34 5DF,428039,266286,postcodes
CV34 6PJ,429748,264731,postcodes
CV34 6PP,429168,264650,postcodes
CV34 6XR,427319,263673,postcodes
CV34 6YE,429124,264444,postcodes
CV35 0JX,434073,251012,postcodes
CV35 7HZ,422243,268853,postcodes
CV37 6BE,420257,254739,postcodes
CV37 6TQ,420202,256273,postcodes
CV37 9DH,419228,255075,postcodes
CV37 9HA,418850,254690,postcodes
CV4 8DY,429365,277031,postcodes
CV4 8JB,429174,276874,postcodes
CV4 9PW,427980,278366,postcodes
CV4 9SW,428828,278258,postcodes
CV4 9WT,429113,277818,postcodes
CV47 0JW,441426,262187,postcodes
CV6 1PR,430907,280468,postcodes
CV6 2AJ,431163,281497,postcodes
CV6 2FR,431784,282892,postcodes
CV6 4GL,432686,283561,postcodes
CV6 6BB,435433,284066,postcodes
CV7 7FW,424035,276438,postcodes
CV7 7JE,424273,283262,postcodes
CV7 8AZ,429873,285065,postcodes
CV7 8PE,432909,284051,postcodes
CV7 9AH,433451,284953,postcodes
CV7 9HP,433495,284275,postcodes
CV7 9RA,433699,284421,terminated_postcodes
CV8 2AL,430384,271565,postcodes
CV8 3FZ,442336,275942,postcodes
CV9 3PL,433637,305016,postcodes
CW1 2PZ,370478,356080,postcodes
CW1 3AE,369898,356001,postcodes
CW1 3DT,370085,356209,postcodes
CW1 5HS,372092,355377,postcodes
CW1 6ZQ,372493,354916,postcodes
CW11 3NS,375295,360698,postcodes
CW11 3NT,375155,361012,postcodes
CW11 4NE,375542,360776,postcodes
CW12 1NT,386402,364151,postcodes
CW12 2AH,386678,363747,postcodes
CW12 4NS,383618,363212,postcodes
CW2 8AB,369626,354741,postcodes
CW2 8TU,368027,355630,postcodes
CW4 7DX,375480,366815,postcodes
CW5 5HD,364315,352588,postcodes
CW5 6DF,364808,354180,postcodes
CW5 7DY,365621,351154,postcodes
CW6 0BL,355633,362017,postcodes
CW7 1JT,364700,364900,postcodes
CW7 1NU,363667,365373,postcodes
CW7 4EJ,363150,365063,postcodes
CW8 1JW,364885,372394,postcodes
CW8 1LD,364938,372492,postcodes
CW8 1LU,363818,372414,postcodes
CW8 1NU,364121,372177,postcodes
CW8 2DR,360963,370724,postcodes
CW8 3BW,362318,373737,postcodes
CW9 7UE,367721,372277,postcodes
CW9 8AF,365722,372768,postcodes
DA1 1QE,555488,173172,postcodes
DA1 2HW,553369,174163,postcodes
DA1 2JT,553308,172632,postcodes
DA1 2LY,553730,173666,postcodes
DA1 2NT,553232,173888,postcodes
DA1 4DZ,551010,175012,postcodes
DA1 4RS,551773,175177,postcodes
DA1 5TF,554601,175791,postcodes
DA10 0BZ,560787,173917,postcodes
DA10 1HN,559692,173678,postcodes
DA11 0JE,564094,173489,postcodes
DA11 7LS,564256,172583,postcodes
DA11 8AQ,562828,172592,postcodes
DA11 8BG,562922,173095,postcodes
DA12 2AX,565062,174166,postcodes
DA12 2JW,565929,173172,postcodes
DA12 2PR,565789,173593,postcodes
DA12 3BL,568381,168964,postcodes
DA12 4LF,566867,171971,postcodes
DA12 5JT,565271,171498,postcodes
DA13 0AH,564355,165958,postcodes
DA13 0EW,564231,166702,postcodes
DA14 4JN,547451,172108,postcodes
DA14 5AA,546921,170230,postcodes
DA15 9AG,546606,172862,postcodes
DA15 9DP,546278,173491,postcodes
DA15 9NU,546850,174358,postcodes
DA16 1LB,546850,176499,postcodes
DA16 1SR,547057,175723,postcodes
DA16 2BL,546585,175193,postcodes
DA16 2PE,545189,175271,postcodes
DA16 3NB,545533,176820,postcodes
DA17 6DW,549681,178905,postcodes
DA17 6HT,550120,178469,postcodes
DA18 4DW,548176,179650,postcodes
DA2 6FY,556374,174213,postcodes
DA2 7BB,552585,172487,postcodes
DA2 7DA,552660,172186,postcodes
DA2 7DR,552493,172233,postcodes
DA3 7PH,560775,168789,postcodes
DA3 8JZ,560528,166248,postcodes
DA5 1NE,549557,174146,postcodes
DA6 7AB,548782,174534,postcodes
DA6 7DA,549132,175579,postcodes
DA8 3BN,550537,177255,postcodes
DA8 3PB,550836,176954,postcodes
DE1 1LR,434342,336083,postcodes
DE1 2LF,435508,336768,postcodes
DE1 3HF,434689,336941,postcodes
DE1 3TQ,435533,336887,postcodes
DE11 0QA,429382,320138,postcodes
DE12 6RS,425563,317214,postcodes
DE13 0HB,424292,326127,postcodes
DE13 0LL,424300,325849,postcodes
DE13 7HR,413322,316741,postcodes
DE13 8AZ,418982,318626,postcodes
DE13 9SA,420464,321603,postcodes
DE14 3DR,423086,321140,postcodes
DE14 3RL,424964,322521,postcodes
DE15 0JL,426200,323399,postcodes
DE15 0TA,426813,324738,postcodes
DE15 9RT,425968,321459,postcodes
DE21 4EW,436971,338576,postcodes
DE21 4QX,438745,337625,postcodes
DE22 1JD,434648,338554,postcodes
DE22 2LW,433643,339751,postcodes
DE22 3BH,433676,336971,postcodes
DE22 3FS,434051,336636,postcodes
DE22 3HU,433617,335593,postcodes
DE23 2FS,432792,333152,postcodes
DE23 3DT,432700,334191,postcodes
DE23 4BX,431884,333156,postcodes
DE23 4BZ,431889,333660,postcodes
DE24 0AN,437618,332639,postcodes
DE24 0BT,438076,332231,postcodes
DE24 8JE,436479,335537,postcodes
DE24 8PU,436462,335353,postcodes
DE24 8TE,437783,333703,postcodes
DE3 0DR,429810,333380,postcodes
DE4 4DX,428799,353598,postcodes
DE4 5NA,431141,361170,postcodes
DE45 1JA,421299,367609,postcodes
DE5 3JQ,440828,349750,postcodes
DE55 1AE,440498,353165,postcodes
DE55 7AL,440381,355541,postcodes
DE55 7JA,441220,355420,postcodes
DE56 0DA,436656,347651,postcodes
DE56 0TE,436452,344632,postcodes
DE56 2SR,432666,353307,postcodes
DE56 4GS,434268,343283,postcodes
DE6 1EP,418282,347210,postcodes
DE65 6FH,430298,327088,postcodes
DE65 6GU,426105,329522,postcodes
DE65 6GZ,427664,327934,postcodes
DE65 6LU,426840,331960,postcodes
DE7 4HH,445626,340939,postcodes
DE73 5UB,437846,330007,postcodes
DE75 7DT,443728,346086,postcodes
DE75 7RA,442304,346155,postcodes
DH1 1SG,427553,542886,postcodes
DH1 4NG,426682,543327,postcodes
DH1 4SU,426028,542837,postcodes
DH1 4SZ,426959,541921,postcodes
DH1 5BQ,426767,544778,postcodes
DH1 5ES,426176,544634,postcodes
DH1 5WB,426663,544030,postcodes
DH2 3AD,426273,550719,postcodes
DH3 2LP,427539,555588,postcodes
DH3 3QA,427692,551263,postcodes
DH4 7AP,433347,552746,postcodes
DH6 5BE,430940,537760,postcodes
DH7 0RD,416354,548207,postcodes
DH8 5EE,410633,550596,postcodes
DH8 6AE,410968,551040,postcodes
DH8 6BH,411455,551559,postcodes
DH8 6LZ,411111,551460,postcodes
DL1 1DR,429757,515079,postcodes
DL1 2AN,430650,516255,postcodes
DL10 7BQ,418068,501397,postcodes
DL12 8HH,405718,517201,postcodes
DL12 8UN,405820,516242,postcodes
DL13 5AG,412633,524160,postcodes
DL14 6JT,419842,528571,postcodes
DL14 6JZ,419680,528422,postcodes
DL14 7JZ,421298,529515,postcodes
DL15 0TY,421763,535311,postcodes
DL16 7DB,425167,532980,postcodes
DL2 2AD,430660,510198,postcodes
DL2 2TF,427497,509760,postcodes
DL2 2UH,422018,523569,postcodes
DL2 2UQ,421621,522645,postcodes
DL3 7AU,428236,514584,postcodes
DL3 8RW,426900,514400,postcodes
DL3 8TF,425613,514120,postcodes
DL5 6AP,427283,522210,postcodes
DL5 6UN,429224,525378,postcodes
DL6 1ED,436974,494607,postcodes
DL7 9QW,432861,492105,postcodes
DN1 2HY,458142,403254,postcodes
DN1 2RF,457381,403917,postcodes
DN1 3BF,457843,402911,postcodes
DN11 9HH,461846,395668,postcodes
DN12 1HH,454136,397738,postcodes
DN14 5JS,475381,423965,postcodes
DN14 6TL,473825,423818,postcodes
DN15 0BJ,491555,416800,postcodes
DN15 6TA,490026,411409,postcodes
DN15 7DQ,487098,411127,postcodes
DN16 2PZ,490803,408307,postcodes
DN17 1BS,488102,410055,postcodes
DN17 1DS,488224,409309,postcodes
DN17 2TX,487971,407014,postcodes
DN17 3PS,487345,405630,postcodes
DN18 6DA,504040,421747,postcodes
DN2 5LT,459162,404161,postcodes
DN2 5QD,460855,404532,postcodes
DN2 6AY,459174,402965,postcodes
DN2 6HQ,460737,404359,postcodes
DN20 8AA,500177,407383,postcodes
DN20 8AR,499567,407641,postcodes
DN20 8EF,500087,407160,postcodes
DN21 1PB,482818,390943,postcodes
DN21 2ST,481344,391245,postcodes
DN22 0DJ,478388,381289,postcodes
DN22 7NJ,469560,380951,postcodes
DN22 7PY,469911,382119,postcodes
DN3 2EW,461055,406703,postcodes
DN3 3QF,462447,401681,postcodes
DN32 7AP,527657,409922,postcodes
DN32 7DZ,527741,409718,postcodes
DN32 8JH,529105,408809,postcodes
DN32 9RU,527947,407949,postcodes
DN34 4SY,526419,408810,postcodes
DN34 5BQ,526408,408004,postcodes
DN34 5BY,525584,407937,postcodes
DN34 5EB,525158,408351,postcodes
DN36 4HS,530947,405459,postcodes
DN36 4RZ,527330,404384,postcodes
DN4 5HZ,457733,401965,postcodes
DN4 5NG,458415,402074,postcodes
DN4 6AH,461267,401364,postcodes
DN4 8ND,457130,400637,postcodes
DN4 8QN,456755,400128,postcodes
DN5 7UB,453935,405065,postcodes
DN6 7EF,453414,408306,postcodes
DN6 7FE,452565,408963,postcodes
DN6 7SF,453637,408067,postcodes
DN6 9AS,453870,414591,postcodes
DN7 5GH,465252,414252,postcodes
DN7 6JH,465755,409145,postcodes
DN8 5BY,469436,413415,postcodes
DN9 3GG,465516,399392,postcodes
DN9 3HG,464890,399892,postcodes
DT1 2ET,368039,89962,postcodes
DT10 1DT,378725,115024,postcodes
DT10 1EW,378930,114881,postcodes
DT11 0BD,381653,101192,postcodes
DT11 0BZ,379894,102381,postcodes
DT11 0PX,387039,107370,postcodes
DT11 0QS,382194,111451,postcodes
DT11 7SQ,388030,106984,postcodes
DT11 8LL,386309,114681,postcodes
DT2 8RH,380636,89152,postcodes
DT2 9PS,368060,88318,postcodes
DT3 5AL,367045,82735,postcodes
DT3 6AA,369300,82893,postcodes
DT4 7LQ,368163,80452,postcodes
DT4 7QF,367836,80150,postcodes
DT4 9SY,365254,79195,postcodes
DT5 2NA,368060,70025,postcodes
DT6 3DT,347314,94399,postcodes
DT7 3LX,333129,92724,postcodes
DT8 3EP,347892,101937,postcodes
DT8 3HB,347319,102433,postcodes
DT9 3AP,363730,116543,postcodes
DT9 3QN,363083,116704,postcodes
DT9 4EQ,364030,117865,postcodes
DT9 6EN,363597,112352,postcodes
DY1 3BY,393173,291341,postcodes
DY1 3SS,393724,292165,postcodes
DY1 4AS,394490,290711,postcodes
DY10 1XA,384176,276200,postcodes
DY10 2BY,384026,277033,postcodes
DY10 3QE,383563,278886,postcodes
DY10 4BS,385848,273587,postcodes
DY11 5PQ,381676,276779,postcodes
DY11 5XQ,382823,279912,postcodes
DY11 6FA,381843,276878,postcodes
DY11 7FB,381620,273559,postcodes
DY11 7RR,384478,272200,postcodes
DY11 7TE,384022,270728,postcodes
DY12 1BL,379303,275091,postcodes
DY12 1JL,379451,276306,postcodes
DY13 8AX,381323,272407,postcodes
DY14 8UH,367225,282826,postcodes
DY3 2JH,391290,291989,postcodes
DY4 0BZ,396668,294607,postcodes
DY4 7NR,396702,292717,postcodes
DY4 9ER,395098,292997,postcodes
DY5 2JY,392269,285316,postcodes
DY5 4LN,390634,288619,postcodes
DY7 6AA,384286,283926,postcodes
DY8 1QX,390252,283622,postcodes
DY8 1TD,390047,284513,postcodes
DY8 2EA,390088,283059,postcodes
DY8 2XL,389945,280531,postcodes
DY8 2XS,390078,280652,postcodes
DY8 4HF,389693,285497,postcodes
DY9 9PB,392446,280072,postcodes
E1 0LB,535425,181207,postcodes
E1 0RH,535803,181516,postcodes
E1 1HL,534477,181393,postcodes
E1 2JP,534681,181292,postcodes
E1 4EE,535593,182316,postcodes
E1 4SD,535935,181773,postcodes
E1 5DJ,534689,181986,postcodes
E1 6BG,533676,181829,postcodes
E1 6LP,533854,181474,postcodes
E1 7SA,533942,181559,postcodes
E10 6EQ,538488,188245,postcodes
E10 6JZ,538503,187287,postcodes
E11 2JZ,541166,188273,postcodes
E13 9BT,541170,183433,postcodes
E13 9NB,541040,182674,postcodes
E14 0AF,537716,180710,postcodes
E14 0RZ,538032,181413,postcodes
E14 3DW,538426,178457,postcodes
E14 9GL,537903,179152,postcodes
E15 1AJ,538679,184074,postcodes
E15 1BX,538889,184569,postcodes
E15 2TF,538559,183835,postcodes
E15 4HT,539458,184290,postcodes
E15 4RZ,539048,184044,postcodes
E16 2RD,543283,180755,postcodes
E17 3EA,538136,189749,postcodes
E17 3PY,539306,189327,postcodes
E17 4AZ,538409,190376,postcodes
E17 4JB,537923,189940,postcodes
E17 5AA,537613,190554,postcodes
E17 5DP,536923,190809,postcodes
E17 5NT,536278,190966,postcodes
E17 5SD,535724,190062,terminated_postcodes
E17 6HL,535990,189501,postcodes
E1W 2AD,534294,180672,postcodes
E2 0HW,535108,182584,postcodes
E2 0PX,535475,182679,postcodes
E2 6DY,533959,182328,postcodes
E2 6NW,534008,182708,postcodes
E2 6PR,534550,182928,postcodes
E2 8BA,533772,183622,postcodes
E2 8LS,533863,183260,postcodes
E20 1BD,538280,185182,postcodes
E20 2AE,537963,183969,postcodes
E3 2AD,536990,182755,postcodes
E3 2AE,536872,182720,postcodes
E3 2QD,537406,182967,postcodes
E3 2RU,536984,183517,postcodes
E3 3DU,538393,182765,postcodes
E3 3LF,537936,182564,postcodes
E3 3QW,538190,182375,postcodes
E3 3TA,538187,182508,postcodes
E3 3YD,537602,182186,postcodes
E3 4FT,537155,181819,postcodes
E3 4PX,536736,182376,postcodes
E4 6ES,539324,193740,postcodes
E4 7LT,538024,194236,postcodes
E4 8SG,537598,191355,postcodes
E4 9PJ,538830,191869,postcodes
E4 9PP,538794,191613,postcodes
E5 0RB,535150,185779,postcodes
E5 8JY,534418,185400,postcodes
E5 8NP,534639,185547,postcodes
E6 2BB,542720,183560,postcodes
E6 3SQ,542055,182212,postcodes
E6 6ER,542627,183428,postcodes
E7 8HU,540845,184531,postcodes
E7 9QD,540567,184137,postcodes
E8 2EY,533789,185408,postcodes
E9 5RB,536233,184905,postcodes
E9 6EA,535400,185112,postcodes
E9 6LG,535539,184907,postcodes
E9 6NR,535136,184638,postcodes
E9 7HD,535766,183985,postcodes
EC1V 1JX,532048,182953,postcodes
EC2A 4SH,532893,182436,postcodes
EC2A 4XW,533229,182332,terminated_postcodes
EC2M 6SE,532734,181587,postcodes
EC2Y 8BB,532305,181744,postcodes
EC3N 2ET,533572,181104,postcodes
EC4V 3AL,531990,180834,postcodes
EN1 1YQ,534250,196368,postcodes
EN1 3HQ,533221,197519,postcodes
EN1 3PU,534626,197175,postcodes
EN1 4NP,534529,198915,postcodes
EN1 4RQ,534419,199744,postcodes
EN10 7FU,536490,206512,postcodes
EN11 0QF,537939,210342,postcodes
EN11 8JY,536820,208116,postcodes
EN2 6LN,532696,196661,postcodes
EN2 6QG,532660,196786,postcodes
EN2 8GH,531482,198010,postcodes
EN3 4PX,535860,195573,postcodes
EN3 4SA,535072,196033,postcodes
EN3 5BY,535277,197861,postcodes
EN3 5PA,535876,198175,postcodes
EN3 5PB,535906,198135,postcodes
EN3 6TW,535478,199707,postcodes
EN3 7DL,535421,196522,postcodes
EN3 7XH,536835,199041,postcodes
EN4 0BL,528733,195875,postcodes
EN4 0NJ,525434,197629,postcodes
EN4 8PU,527783,195573,postcodes
EN4 8XE,527660,194544,postcodes
EN4 9GE,526561,196865,postcodes
EN5 2BE,525220,195779,postcodes
EN5 4AZ,524599,196376,postcodes
EN5 4DQ,523688,196741,postcodes
EN5 5RR,524851,196320,postcodes
EN5 5TS,524696,196574,postcodes
EN6 1AG,525063,201425,postcodes
EN6 1BB,525100,201390,postcodes
EN6 1EZ,525615,202042,postcodes
EN6 2DU,524042,200643,postcodes
EN6 2SE,526002,200167,postcodes
EN6 5QT,527376,200056,postcodes
EN7 5FB,534532,201525,postcodes
EN7 5QW,534293,202600,postcodes
EN8 0JU,536456,203299,postcodes
EX1 1SJ,292729,92560,postcodes
EX1 3RW,296254,93489,postcodes
EX10 8RG,311736,88065,postcodes
EX10 9LG,313012,89375,postcodes
EX11 1RA,308903,95323,postcodes
EX15 2BY,306207,106101,postcodes
EX16 4DN,296924,112905,postcodes
EX17 3LU,282666,100476,postcodes
EX2 4NS,293360,92193,postcodes
EX2 4NU,293148,92029,postcodes
EX2 6HA,294577,90323,postcodes
EX20 1PW,258975,94904,postcodes
EX21 5HJ,244984,109490,postcodes
EX23 8DQ,221536,105966,postcodes
EX24 6HN,324436,92482,postcodes
EX31 1JU,255533,133901,postcodes
EX31 3UD,253658,131526,postcodes
EX32 0SX,266739,131525,postcodes
EX34 9JB,252324,147095,postcodes
EX36 3LN,274802,132632,postcodes
EX39 3AR,244356,126398,postcodes
EX39 3LY,244521,126941,postcodes
EX4 3PU,292127,92952,postcodes
EX4 4JS,291518,93196,postcodes
EX4 8AD,294661,93507,postcodes
EX5 2RR,307796,99646,postcodes
EX5 3AJ,298538,96426,postcodes
EX7 0DE,296284,77199,postcodes
EX7 9SF,295367,76107,postcodes
EX8 2AU,300634,80376,postcodes
EX8 3AF,300633,81772,postcodes
EX9 7BJ,306979,86656,postcodes
FY2 0HB,332509,440835,postcodes
FY3 7EQ,332891,437216,postcodes
FY3 7LR,333270,438356,postcodes
FY3 7LS,333247,438416,postcodes
FY3 9HF,332100,435437,postcodes
FY5 4HH,334033,443178,postcodes
FY7 8JW,331556,444867,postcodes
FY8 1DT,333473,427636,postcodes
FY8 1HN,332273,428511,postcodes
FY8 1UR,332556,429192,postcodes
GL1 2BG,383271,218848,postcodes
GL1 3JN,383802,219391,postcodes
GL1 3PR,384467,218835,postcodes
GL1 5LE,383314,216414,postcodes
GL10 2DG,380110,205964,postcodes
GL10 2JQ,380758,205033,postcodes
GL10 3SH,378149,206262,postcodes
GL11 4BY,375387,198716,postcodes
GL12 8RB,374892,192594,postcodes
GL13 9FB,365560,199218,postcodes
GL13 9RS,368331,201216,postcodes
GL13 9SE,368235,201373,postcodes
GL16 7EJ,362079,211676,postcodes
GL17 0DU,366742,217948,postcodes
GL18 1QF,371775,225508,postcodes
GL19 3BE,378750,222975,postcodes
GL19 3BG,379939,224451,postcodes
GL2 0LF,385930,219399,postcodes
GL2 5AE,382735,215666,postcodes
GL2 5JQ,382418,218198,postcodes
GL20 5SW,388914,232416,postcodes
GL20 6AH,386241,236103,postcodes
GL20 7DG,389004,230945,postcodes
GL20 8DF,391105,233113,postcodes
GL20 8JJ,391344,233105,postcodes
GL20 8UQ,391575,233600,postcodes
GL3 2PL,389032,220149,postcodes
GL3 2RB,387849,220385,postcodes
GL3 4QF,389847,216634,postcodes
GL4 0DD,383237,214401,postcodes
GL4 0RT,381986,214494,postcodes
GL4 0UF,383346,213764,terminated_postcodes
GL5 4AH,384309,205623,postcodes
GL5 4AP,384839,205452,postcodes
GL5 4AX,383664,205877,postcodes
GL5 4HE,383846,205216,postcodes
GL5 4HF,384027,205287,postcodes
GL50 3EP,394559,222094,postcodes
GL50 3EW,394374,222274,postcodes
GL51 0HG,392098,223137,postcodes
GL51 0WH,392452,224010,postcodes
GL51 3AT,393231,221024,postcodes
GL51 3EF,393155,220915,postcodes
GL51 6HE,392819,221593,postcodes
GL52 8AE,396248,227001,postcodes
GL53 7LD,394866,221516,postcodes
GL53 8EY,395940,220799,postcodes
GL53 8QF,397054,220310,postcodes
GL53 9QU,394333,216797,postcodes
GL54 2BD,416730,221127,postcodes
GL55 6HU,415436,239519,postcodes
GL6 0BP,385051,199555,postcodes
GL6 0PL,384393,198651,postcodes
GL6 9AG,385782,200343,postcodes
GL7 1XA,401060,201551,postcodes
GL7 4JQ,415331,201765,postcodes
GL8 8QG,386418,189617,postcodes
GU1 1DR,499344,151942,postcodes
GU1 1SJ,500330,150118,postcodes
GU1 1XX,501433,151522,postcodes
GU1 2JD,500934,150280,postcodes
GU1 2TN,502192,150744,postcodes
GU1 3BB,499966,149661,postcodes
GU1 3SQ,499970,149297,postcodes
GU1 4QU,499326,149913,postcodes
GU10 3AP,484075,142862,postcodes
GU10 4EA,483174,142661,postcodes
GU14 6PA,487750,154188,postcodes
GU14 6SB,487147,154786,postcodes
GU14 8AT,487190,156465,postcodes
GU14 8BX,487634,156517,postcodes
GU14 8JX,486808,156933,postcodes
GU15 1EJ,489514,159432,postcodes
GU15 4AE,489120,161958,postcodes
GU16 6TA,491154,157729,postcodes
GU2 4LU,498853,149282,postcodes
GU2 9RS,498490,151212,postcodes
GU22 0AN,499394,156061,postcodes
GU22 0NH,499566,156378,postcodes
GU22 9AL,501203,157552,postcodes
GU22 9DL,501263,157372,postcodes
GU24 9PT,494395,161322,postcodes
GU26 6AQ,488664,135582,postcodes
GU26 6SJ,488576,136401,postcodes
GU28 0NB,494580,116318,postcodes
GU29 9DT,488612,122118,postcodes
GU30 7NY,483691,131720,postcodes
GU31 4AS,475343,123881,postcodes
GU32 2DG,474291,125130,postcodes
GU34 4GL,473117,140875,postcodes
GU35 0HA,480952,135605,postcodes
GU35 9LU,479251,138435,postcodes
GU46 6HJ,481402,160495,postcodes
GU46 6NW,481123,160527,postcodes
GU5 0DF,500880,145093,postcodes
GU5 0LH,502180,141723,postcodes
GU6 7DH,506276,140309,postcodes
GU6 8QQ,505465,140093,postcodes
GU6 8TB,502780,136644,postcodes
GU7 1RS,496820,142849,postcodes
GU7 1UW,499193,144129,postcodes
GU7 2DX,496427,145081,postcodes
GU7 2RH,495056,146171,postcodes
GU8 4DX,496155,138389,postcodes
GU8 5SG,494891,138417,postcodes
GU9 8HB,484351,145514,postcodes
GU9 9HF,485617,149105,postcodes
HA0 3NT,517211,186274,postcodes
HA0 4JE,518455,184082,postcodes
HA1 2JG,515974,188106,postcodes
HA1 3HP,515319,187244,postcodes
HA1 3HX,515044,186580,postcodes
HA2 0AD,514244,187366,postcodes
HA2 0HN,514866,187101,postcodes
HA2 0XH,513438,187046,postcodes
HA2 8LF,514164,185939,postcodes
HA2 9AH,512960,186078,postcodes
HA3 0NB,517698,188412,postcodes
HA3 0UH,518340,188747,postcodes
HA3 5DY,515127,190320,postcodes
HA3 5PQ,514664,190199,postcodes
HA3 5RQ,515026,190131,postcodes
HA3 6LE,513990,190767,postcodes
HA3 6ND,514388,191081,postcodes
HA3 6NR,513871,191030,postcodes
HA3 9LX,518321,189056,postcodes
HA3 9TE,519200,188307,postcodes
HA4 0BY,510436,186296,postcodes
HA4 0LS,511763,185530,postcodes
HA4 8EE,510370,187892,postcodes
HA5 1NB,511864,187947,postcodes
HA5 2JQ,510131,188837,postcodes
HA5 2LX,510018,189638,postcodes
HA5 5RP,513352,189312,postcodes
HA6 1QG,510444,190562,postcodes
HA6 1QN,510421,190418,postcodes
HA6 2HT,509252,193975,postcodes
HA6 2UW,508684,191622,postcodes
HA6 2YE,508951,191284,postcodes
HA6 3AS,509320,191707,postcodes
HA7 1PL,517685,190369,postcodes
HA7 2EQ,517557,191303,postcodes
HA7 3JW,515356,192269,postcodes
HA7 4BQ,517078,191884,postcodes
HA8 0AD,519812,191153,postcodes
HA8 0QS,520341,191315,postcodes
HA8 6AN,518708,190351,postcodes
HA8 7LF,519389,191927,postcodes
HA8 7RJ,518168,191971,postcodes
HA8 8DE,518518,192904,postcodes
HA9 0UU,519450,186233,postcodes
HA9 7DU,518587,185090,postcodes
HA9 8NA,518689,186628,postcodes
HA9 8NP,518370,186625,postcodes
HA9 9JR,519317,186564,postcodes
HA9 9LY,519741,186654,postcodes
HD1 3LD,414224,416131,postcodes
HD1 4EN,413991,416742,postcodes
HD1 4ES,413737,416743,postcodes
HD2 1GN,415614,420269,postcodes
HD2 2AL,412900,417933,postcodes
HD3 4GL,410762,417493,postcodes
HD4 6JL,414200,414354,postcodes
HD4 7NR,413400,413546,postcodes
HD5 8JE,415320,415812,postcodes
HD5 9PG,416251,417739,postcodes
HD6 2NY,413544,424122,postcodes
HD6 3JW,413060,421883,postcodes
HD8 8NL,422202,410638,postcodes
HD8 9TR,425943,411718,postcodes
HG1 2QG,429530,455660,postcodes
HG1 2SZ,429860,455323,postcodes
HG1 4ED,432491,456751,postcodes
HG1 5PD,430603,455218,postcodes
HG2 0DZ,429778,454242,postcodes
HG2 7LW,433161,456277,postcodes
HG2 8JR,431390,454409,postcodes
HG2 8PT,431707,454315,postcodes
HG2 9JP,429461,453248,postcodes
HG4 2DE,430031,471550,postcodes
HG4 2DG,430206,471624,postcodes
HG4 3HN,430295,473062,postcodes
HG5 8EB,435349,456671,postcodes
HP1 1TX,505108,206709,postcodes
HP1 2PH,503646,207828,postcodes
HP1 3DW,504792,207632,postcodes
HP11 1BJ,487146,192759,postcodes
HP11 1PE,486562,192673,postcodes
HP11 1PW,486236,191806,postcodes
HP11 1SZ,485634,191641,postcodes
HP11 1TB,485601,191797,postcodes
HP12 3AE,485237,193818,postcodes
HP12 3NE,485005,191770,postcodes
HP12 4QA,484408,191069,postcodes
HP13 6PQ,487038,193423,postcodes
HP13 6QT,487370,194342,postcodes
HP13 7NQ,488303,193061,postcodes
HP15 6LP,486782,197522,postcodes
HP15 6SP,490157,197215,postcodes
HP15 7UB,489318,195055,postcodes
HP16 0BD,489753,200991,postcodes
HP16 0BN,489617,200783,postcodes
HP18 0LQ,474280,216737,postcodes
HP18 0WS,479107,215788,postcodes
HP2 4DE,507158,207208,postcodes
HP2 7HL,507171,209626,postcodes
HP20 1DP,482545,214129,postcodes
HP21 7NH,482892,212956,postcodes
HP21 7RP,482717,213495,postcodes
HP21 7SX,482669,213285,postcodes
HP21 8ES,481860,211829,postcodes
HP21 8LZ,481090,213226,postcodes
HP21 8PB,481378,213478,postcodes
HP21 8PD,481258,213458,postcodes
HP21 8PE,481198,213394,postcodes
HP22 4PA,487117,219283,postcodes
HP22 6HF,486981,208271,postcodes
HP22 6NL,487230,207246,postcodes
HP22 7BR,484643,215061,postcodes
HP23 5JD,492881,211915,postcodes
HP23 5LX,492672,211192,postcodes
HP27 0DR,480891,202944,postcodes
HP27 0JW,480904,203766,postcodes
HP3 0DF,503790,205689,postcodes
HP3 8JB,507604,205954,postcodes
HP3 8RL,508132,206322,postcodes
HP4 2DJ,499348,207721,postcodes
HP4 3AH,499207,207052,postcodes
HP4 3UJ,497495,207943,postcodes
HP5 1BA,496815,202049,postcodes
HP5 2RG,495180,202269,postcodes
HP5 3BP,496694,202358,postcodes
HP6 5HA,496141,198399,postcodes
HP7 9HH,497185,197387,postcodes
HP7 9JW,497720,197733,postcodes
HP7 9QB,499004,197471,postcodes
HP9 1RR,494023,190325,postcodes
HP9 1SJ,494251,190217,postcodes
HP9 2TS,493179,192919,postcodes
HR1 1DT,351841,241166,postcodes
HR1 1EQ,351641,240549,postcodes
HR1 1LS,352292,240603,postcodes
HR1 1LT,352270,240507,postcodes
HR1 1LU,352183,240690,postcodes
HR1 1NZ,352603,240729,postcodes
HR1 2NG,351037,239732,postcodes
HR2 6JL,353460,237735,postcodes
HR4 0NU,349257,241220,postcodes
HR6 8NZ,349335,258810,postcodes
HR6 9PN,343905,264776,postcodes
HR6 9UW,341651,268933,postcodes
HR7 4LS,363978,256730,postcodes
HR8 2HF,371112,237146,postcodes
HR8 2PZ,366879,239554,postcodes
HR9 7ET,360332,225229,postcodes
HU1 3DG,510105,429071,postcodes
HU10 6HB,502664,430602,postcodes
HU10 7EH,502433,428216,postcodes
HU13 0JQ,502331,426467,postcodes
HU13 9AR,503169,427315,postcodes
HU14 3HS,496817,426707,postcodes
HU17 0EW,504124,439440,postcodes
HU17 7EJ,502192,440506,postcodes
HU17 8NF,502768,438552,postcodes
HU17 8QG,498513,440150,postcodes
HU17 9EX,503351,440076,postcodes
HU18 1DW,520034,447959,postcodes
HU19 2NT,534516,427232,postcodes
HU2 8AP,509863,429499,postcodes
HU2 8BQ,509751,429252,postcodes
HU3 1LW,507901,429383,postcodes
HU3 3EL,507908,428075,postcodes
HU4 7JB,504914,427509,postcodes
HU5 4NT,506395,431177,postcodes
HU6 7TN,508028,432115,postcodes
HU6 8AE,506942,432578,postcodes
HU6 8JJ,507046,432126,postcodes
HU7 4BS,510426,433203,postcodes
HU7 4EL,509858,434589,postcodes
HU7 4PW,510809,433280,postcodes
HU8 9HD,513552,432290,postcodes
HU9 5YB,513462,430512,postcodes
HX1 1UN,409398,425328,postcodes
HX1 3UZ,408385,424798,postcodes
HX2 0RU,406526,426279,postcodes
HX2 9SU,407825,428815,postcodes
HX3 0AW,409549,423611,postcodes
HX3 0HG,408140,423921,postcodes
HX3 0RZ,408991,422848,postcodes
HX3 7PA,412367,428633,terminated_postcodes
HX5 0QG,410071,420542,postcodes
HX5 9DL,411014,421051,postcodes
HX6 1DF,404596,423082,postcodes
HX6 2BU,406558,423878,postcodes
HX6 4QA,403398,418549,postcodes
IG1 1FY,545079,186842,postcodes
IG1 2UT,544835,185502,postcodes
IG1 4JU,543587,186893,postcodes
IG10 1TS,543273,196613,postcodes
IG10 2BQ,544590,197061,postcodes
IG10 2LD,544250,198034,postcodes
IG10 3JA,542360,195843,postcodes
IG11 0FU,547067,182432,postcodes
IG11 7JA,544195,183521,postcodes
IG11 7QG,544646,183663,postcodes
IG11 9AG,545894,184847,postcodes
IG11 9UW,545040,184695,postcodes
IG2 6HX,543321,188179,postcodes
IG2 7BT,544664,187577,postcodes
IG2 7PQ,545026,188695,postcodes
IG3 8EU,545110,187232,postcodes
IG3 9QA,546300,186518,postcodes
IG4 5LP,542233,189447,postcodes
IG5 0QW,542928,190295,postcodes
IG6 2JB,543973,190161,postcodes
IG6 3HB,544701,190413,postcodes
IG7 5AA,542461,192797,postcodes
IG7 5BT,542935,192421,postcodes
IG7 6QF,544145,193854,postcodes
IG8 0RF,540401,193151,postcodes
IG8 0TP,540024,192805,postcodes
IG8 7DQ,540912,191083,postcodes
IG8 8AX,543078,192012,postcodes
IG8 9LA,539890,191795,postcodes
IP1 3SG,616120,245365,postcodes
IP11 7NA,631473,235203,postcodes
IP11 9QR,628956,235743,postcodes
IP12 4JH,626837,249403,postcodes
IP12 4JX,626393,249841,postcodes
IP13 9EY,628151,263977,postcodes
IP13 9HE,627514,264050,postcodes
IP14 3EF,601659,258201,postcodes
IP14 4BQ,607081,259913,postcodes
IP14 5QX,612919,266963,terminated_postcodes
IP16 4HY,644171,263021,postcodes
IP18 6SD,649094,277025,postcodes
IP2 9DR,615072,243041,postcodes
IP22 4DH,612113,280334,postcodes
IP23 7BL,614055,274160,postcodes
IP24 1LH,587358,284212,postcodes
IP24 3AF,586758,282981,postcodes
IP25 7TJ,600373,303826,postcodes
IP28 6TX,583268,270359,postcodes
IP28 7JX,570591,274657,postcodes
IP28 7RD,570218,275716,postcodes
IP3 0SP,618736,241765,postcodes
IP3 9QR,619432,242206,postcodes
IP31 3PB,591713,265371,postcodes
IP32 6RH,584509,265668,postcodes
IP32 7BH,586312,264617,postcodes
IP33 2PD,586020,262350,postcodes
IP33 3RL,584354,264578,postcodes
IP33 3YU,584197,264904,postcodes
IP4 1LT,617153,244340,postcodes
IP4 3DL,618078,246279,postcodes
IP4 3NJ,619372,245314,postcodes
IP4 5HD,619087,244391,postcodes
IP5 2PB,622486,245930,postcodes
IP7 7QR,596678,254431,postcodes
IP8 3NA,613153,242171,postcodes
IP8 3ND,613053,242418,postcodes
IP8 3SU,613067,243032,postcodes
IP9 1AZ,619422,238650,postcodes
IP9 2RX,616544,235227,postcodes
KT1 2AQ,517977,168906,postcodes
KT1 2JT,518043,168077,postcodes
KT1 2QZ,518237,168769,postcodes
KT10 0AQ,516190,165714,postcodes
KT10 9LY,513536,163392,postcodes
KT11 1BL,511522,162200,postcodes
KT11 1HA,509843,161525,postcodes
KT11 1TF,511758,161252,postcodes
KT11 2ES,513232,161116,postcodes
KT11 3QQ,513189,157591,postcodes
KT12 1LE,510599,165680,postcodes
KT12 2FQ,510864,167387,postcodes
KT12 5AB,509547,164557,postcodes
KT12 5EJ,511471,164985,postcodes
KT13 8TT,506929,163740,postcodes
KT13 8UZ,506947,163961,postcodes
KT15 2QH,505225,165891,postcodes
KT15 2QS,505959,165384,postcodes
KT15 3HW,504138,161540,postcodes
KT16 9BN,503675,166356,postcodes
KT16 9LU,503187,165789,postcodes
KT17 1NB,521578,161920,postcodes
KT17 2AW,522179,162742,postcodes
KT17 3DS,522357,161849,postcodes
KT17 4JQ,522364,160034,postcodes
KT18 7NQ,520081,160169,postcodes
KT19 9BH,520904,162102,terminated_postcodes
KT19 9JW,520167,164066,postcodes
KT2 5PE,518135,170786,postcodes
KT2 5PL,518086,170984,postcodes
KT2 5QY,517660,171584,postcodes
KT2 6PY,518576,169270,postcodes
KT2 6RL,518630,169461,postcodes
KT2 7AB,519119,169546,postcodes
KT2 7LN,520008,170906,postcodes
KT2 7PE,520477,170137,postcodes
KT20 5RU,523912,156594,postcodes
KT20 7PA,521212,152941,postcodes
KT21 1ET,519491,157920,postcodes
KT22 7JP,517538,157222,postcodes
KT22 7NZ,516161,157639,postcodes
KT22 7PW,515989,157995,postcodes
KT22 8RY,517294,156380,postcodes
KT22 8SP,516992,156680,postcodes
KT22 8TJ,517670,157000,postcodes
KT24 5JR,512034,153956,postcodes
KT3 3TU,520891,169345,postcodes
KT3 5AR,521026,167976,postcodes
KT3 5PE,520871,166551,postcodes
KT3 6JJ,522620,167677,postcodes
KT3 6NU,522006,167684,postcodes
KT4 7JW,521070,165345,postcodes
KT6 4TU,518432,167785,postcodes
KT6 5AS,518281,165437,postcodes
KT6 5HN,517098,165763,postcodes
KT6 6HL,518612,166636,postcodes
KT6 7EY,518940,165397,postcodes
KT7 0JB,515374,166726,postcodes
KT8 2EJ,512610,168184,postcodes
KT8 9BS,515491,168921,postcodes
KT9 2HR,517713,163435,postcodes
L1 0BS,335037,389117,postcodes
L1 9DY,335387,389589,postcodes
L10 1LD,338761,397560,postcodes
L11 4SG,339867,394906,postcodes
L11 9DQ,339650,395285,postcodes
L12 1LF,339608,392388,postcodes
L12 1LH,339562,392175,postcodes
L12 7LE,339077,392771,postcodes
L12 9HJ,341106,392289,postcodes
L12 9HN,341380,392579,postcodes
L12 9HZ,340959,392223,postcodes
L13 5UQ,340026,390783,postcodes
L13 7HQ,338494,392513,postcodes
L15 6TQ,339156,389154,postcodes
L15 6WU,340033,389187,postcodes
L15 6XZ,340404,389340,postcodes
L15 9EE,339164,388924,postcodes
L16 5EY,341528,389039,postcodes
L17 3AA,337182,387913,postcodes
L17 3AL,337549,388332,postcodes
L17 6AB,338274,386158,postcodes
L17 6AU,338261,385986,postcodes
L18 3HS,340178,387828,postcodes
L18 8BG,338563,387604,postcodes
L19 2LX,340254,384594,postcodes
L19 5NY,340710,384639,postcodes
L20 7EW,334382,394712,postcodes
L21 0DB,334710,398630,postcodes
L23 0QP,332120,399014,postcodes
L23 4UL,333242,400870,postcodes
L23 5TF,332285,399370,postcodes
L23 5TW,332020,399566,postcodes
L23 7UL,331717,400530,postcodes
L23 9YB,333448,399885,postcodes
L25 2RW,342817,388566,postcodes
L25 6EE,341450,387495,postcodes
L25 6EG,341544,387674,postcodes
L25 7TN,342507,386517,postcodes
L3 5TP,335397,390170,postcodes
L31 3DZ,337873,401644,postcodes
L31 6DE,337767,402199,postcodes
L31 7AW,337042,401536,postcodes
L32 3XP,341177,397484,postcodes
L32 9PW,341081,397807,postcodes
L33 8XF,341434,399100,postcodes
L35 6NY,350196,390332,postcodes
L36 5SJ,344562,390855,postcodes
L36 7TA,344455,391755,postcodes
L37 2YN,328605,405997,postcodes
L37 3HW,329312,407651,postcodes
L39 2AT,342400,408080,postcodes
L39 4TW,340870,407393,postcodes
L4 4DF,335746,393876,postcodes
L4 6SH,336223,394812,postcodes
L40 9RQ,339169,412597,postcodes
L5 0SQ,335738,392360,postcodes
L5 5AF,335085,392523,postcodes
L69 7SH,335811,389887,postcodes
L7 6HQ,337390,389491,postcodes
L8 3TF,336436,387984,postcodes
L8 9SJ,336315,387304,postcodes
L9 1NR,335841,395216,postcodes
L9 6AD,338349,395837,postcodes
L9 7AB,337950,396254,postcodes
L9 7BF,337042,396394,postcodes
LA1 1SF,347516,461393,postcodes
LA1 2QD,346777,462656,postcodes
LA1 2RX,347443,462443,postcodes
LA1 2TY,345988,463247,postcodes
LA1 3EF,348363,461536,postcodes
LA1 4RS,347654,460659,postcodes
LA1 5AJ,347531,459934,postcodes
LA10 5RY,365785,491831,postcodes
LA11 6RG,345278,481356,postcodes
LA11 6SD,343593,486013,postcodes
LA12 0DZ,328676,477764,postcodes
LA12 0EB,328681,477517,postcodes
LA13 9RS,321214,469249,postcodes
LA14 3LW,317872,468602,postcodes
LA18 5AB,317328,480538,postcodes
LA2 0HA,347064,450793,postcodes
LA2 7BX,365003,469368,postcodes
LA2 7DD,364525,469349,postcodes
LA2 8LH,358312,468938,postcodes
LA23 1HW,340220,500054,postcodes
LA23 1NW,340796,500189,postcodes
LA3 1AB,342779,463125,postcodes
LA4 5BG,344461,464727,postcodes
LA5 0RG,346150,475180,postcodes
LA6 2DZ,361337,480324,postcodes
LA6 2HJ,360707,478609,postcodes
LA7 7DD,349998,481716,postcodes
LA8 9LN,347107,498185,postcodes
LA9 4ED,351492,492537,postcodes
LA9 5AY,351503,491637,postcodes
LA9 5EZ,350715,493606,postcodes
LA9 6JG,352470,493100,postcodes
LA9 6PJ,352315,493957,postcodes
LA9 7EQ,351883,491570,postcodes
LE1 5WW,458583,303575,postcodes
LE1 6JL,459135,304021,postcodes
LE1 7RJ,459445,302754,postcodes
LE10 0EA,441887,294896,postcodes
LE10 0TB,441777,294711,postcodes
LE10 1AP,442669,293466,postcodes
LE10 1LE,443956,294567,postcodes
LE10 3HT,442490,292180,postcodes
LE11 2DU,453873,318919,postcodes
LE11 3BS,452939,319556,postcodes
LE11 3BT,452703,319162,postcodes
LE11 3EB,453659,319647,postcodes
LE11 3HU,452556,318617,postcodes
LE11 4SQ,451402,319428,postcodes
LE12 6QN,455667,326873,postcodes
LE12 7AA,457794,315270,postcodes
LE12 7AR,457672,315466,postcodes
LE12 8BQ,456759,317012,postcodes
LE12 8DY,456050,316709,postcodes
LE12 8QY,452752,313709,postcodes
LE12 9DB,448471,319850,terminated_postcodes
LE13 0BN,474390,318756,postcodes
LE13 1DN,476028,317683,postcodes
LE13 1HA,476412,318351,postcodes
LE15 6DT,486150,308819,postcodes
LE15 6JB,486343,308215,postcodes
LE15 6RP,485418,309105,postcodes
LE15 7GT,494827,315578,postcodes
LE15 8LY,479962,308782,postcodes
LE15 8QQ,496681,307723,postcodes
LE15 9QE,486473,299679,postcodes
LE16 7AU,473043,287713,postcodes
LE16 7JG,473313,288202,postcodes
LE17 4EW,453849,285011,postcodes
LE17 5EE,450252,290695,postcodes
LE18 2DS,459776,298548,postcodes
LE18 2DT,459915,298440,postcodes
LE2 2PP,461178,301599,postcodes
LE2 5TP,462941,299336,postcodes
LE2 7LW,458794,303102,postcodes
LE3 2FD,456600,301768,postcodes
LE3 6DG,456209,304759,postcodes
LE3 6DN,455447,305169,postcodes
LE4 0FJ,457031,306363,postcodes
LE4 4GH,459743,310105,postcodes
LE4 4JG,459479,309971,postcodes
LE4 5EE,459768,306896,postcodes
LE4 5LN,459481,306689,postcodes
LE5 1GA,462798,306394,postcodes
LE5 1RT,464313,306400,postcodes
LE5 4PY,461945,303898,postcodes
LE5 6HN,463125,303880,postcodes
LE5 6LN,463579,303549,postcodes
LE6 0FP,451917,306896,postcodes
LE65 1DT,436322,316895,postcodes
LE65 1HS,435837,316879,postcodes
LE67 1AP,447072,306245,postcodes
LE67 4BR,445388,314937,postcodes
LE67 4UU,445673,314891,postcodes
LE7 1LY,462942,312055,postcodes
LE7 4SG,462474,315063,postcodes
LE8 5PR,457127,295447,postcodes
LE8 9FL,465040,298001,postcodes
LE9 7PD,445477,297689,postcodes
LE9 8AG,445149,297461,postcodes
LE9 8JF,443563,298739,postcodes
LE9 9JL,448448,303375,postcodes
LN1 3TJ,497478,373409,postcodes
LN11 8RS,534218,387086,postcodes
LN11 9LL,532304,387026,postcodes
LN13 9HY,544723,375604,postcodes
LN2 1PF,497911,371610,postcodes
LN2 3JB,501297,379332,postcodes
LN2 4PN,498763,372408,postcodes
LN2 5HQ,498044,371482,postcodes
LN2 5RW,498143,371771,postcodes
LN3 5AL,507243,383444,postcodes
LN4 1LH,502445,367623,postcodes
LN5 0PA,496082,353285,postcodes
LN5 0SL,491664,353981,postcodes
LN5 8PW,497182,368899,postcodes
LN6 0EP,495333,369373,postcodes
LN6 7DT,495662,368212,postcodes
LN6 7SX,496045,369222,postcodes
LN6 8AR,495783,367515,postcodes
LN6 9AF,494276,366455,postcodes
LN6 9AG,493852,366414,postcodes
LN6 9JP,486895,360470,postcodes
LN6 9JR,487626,359391,postcodes
LN6 9LU,486905,363069,postcodes
LN7 6QJ,511528,401298,postcodes
LN8 3RF,511469,388728,postcodes
LN9 5AD,525473,369647,postcodes
LS1 5AS,430052,433761,postcodes
LS10 1LA,430804,432530,postcodes
LS10 1NT,430793,432205,postcodes
LS10 3JP,431590,429075,postcodes
LS11 0LT,427979,429675,postcodes
LS12 3QH,425854,434002,postcodes
LS12 5EU,425105,431927,postcodes
LS12 6DQ,427617,431521,postcodes
LS15 0PT,435608,433494,postcodes
LS15 8TA,437431,435381,postcodes
LS16 5AG,426684,437827,postcodes
LS16 5EA,425859,437593,postcodes
LS16 6QB,425556,438867,postcodes
LS16 7RX,425901,440017,postcodes
LS17 5DJ,429681,437745,postcodes
LS17 6SF,431489,438509,postcodes
LS17 7AG,429521,439453,postcodes
LS17 7TN,430069,439814,postcodes
LS17 8GS,431753,441109,postcodes
LS17 9LE,432308,444928,postcodes
LS18 5RF,423813,438569,postcodes
LS19 6LX,421019,440067,postcodes
LS2 7PD,430973,433649,postcodes
LS2 7QT,430708,434172,postcodes
LS2 9AQ,429614,434775,postcodes
LS2 9BL,429554,435034,postcodes
LS20 8DT,418678,441626,postcodes
LS20 8LS,418418,442210,postcodes
LS21 2BB,420193,446321,postcodes
LS23 6DF,442743,445063,postcodes
LS23 6RW,442019,445070,postcodes
LS24 9NB,445631,442588,postcodes
LS25 1LJ,440158,432578,postcodes
LS25 6AS,449027,432955,postcodes
LS27 0PD,426409,427505,postcodes
LS28 6HL,422591,434784,postcodes
LS28 7ND,422402,433720,postcodes
LS29 6AE,417984,442868,postcodes
LS29 8TR,412331,447221,postcodes
LS3 1AA,429143,433884,postcodes
LS3 1AD,429260,433944,postcodes
LS6 2AH,428095,436406,postcodes
LS6 2ST,429960,435300,postcodes
LS6 4QD,429106,438286,postcodes
LS8 1ND,432304,437274,postcodes
LS8 2PW,433288,436398,postcodes
LS9 7HD,431583,434084,postcodes
LU1 1EH,508374,221817,postcodes
LU1 4BB,503693,220531,postcodes
LU1 5PP,507568,220377,postcodes
LU2 0EZ,509561,221855,postcodes
LU2 7AE,508444,225893,postcodes
LU2 7EW,509189,223985,postcodes
LU2 9AG,511315,222518,postcodes
LU3 3SP,506702,225350,postcodes
LU4 0NE,503900,223110,postcodes
LU5 4QL,502956,222488,postcodes
LU5 5AB,501272,222972,postcodes
LU5 5PX,503057,224943,postcodes
LU5 6NX,503891,230888,postcodes
LU6 1AF,500452,222083,postcodes
LU6 3BU,501408,220986,postcodes
LU7 0NY,488114,222548,postcodes
LU7 1FD,492424,225275,postcodes
LU7 2AE,491304,224002,postcodes
LU7 3BE,492291,227252,postcodes
LU7 3DY,493370,226494,postcodes
M11 2GR,387298,397375,postcodes
M11 2WH,387643,397251,postcodes
M11 3BS,387370,397857,postcodes
M12 4GR,388069,394961,postcodes
M12 6EL,385456,397684,postcodes
M13 0XT,386134,394725,postcodes
M13 9PL,384591,396711,postcodes
M13 9WL,384979,396212,postcodes
M14 5RB,385334,395437,postcodes
M14 6BL,385139,393660,postcodes
M14 6HS,385315,394517,postcodes
M15 5PB,383297,396155,postcodes
M15 6HP,384214,396490,postcodes
M16 0EX,381616,395003,postcodes
M16 8GW,383690,394025,postcodes
M16 8HX,383324,394987,postcodes
M16 8PR,383586,394366,postcodes
M18 7DT,388471,394876,postcodes
M2 4WG,383900,398323,postcodes
M20 2ET,383504,392669,postcodes
M20 5PG,385505,390228,postcodes
M23 0FF,381518,390673,postcodes
M23 2YS,381524,387592,postcodes
M23 9BP,380397,389518,postcodes
M24 2GL,387956,407521,postcodes
M24 4BD,386295,405953,postcodes
M24 6XH,387600,408074,postcodes
M25 0PH,381751,403180,postcodes
M25 3BL,380780,404495,postcodes
M27 0WA,377353,401656,postcodes
M28 2WQ,375459,400557,postcodes
M29 7EE,369263,399951,postcodes
M29 8BS,369187,402129,postcodes
M3 1SB,383947,398841,postcodes
M30 0RW,376344,398624,postcodes
M30 9DY,377802,399681,postcodes
M31 4BH,374773,392289,postcodes
M31 4NL,371510,391220,postcodes
M32 8JB,380286,394144,postcodes
M33 3NH,379160,391303,postcodes
M33 4GY,376293,390794,postcodes
M33 5BP,377568,391459,postcodes
M33 5JX,376573,392189,postcodes
M34 6ET,392281,394002,postcodes
M35 0UF,388562,400883,postcodes
M40 8EZ,386124,399593,postcodes
M41 5UG,376120,394926,postcodes
M41 7FZ,377295,395931,postcodes
M43 7LJ,391401,399690,postcodes
M44 5ZR,371453,393284,postcodes
M45 8PJ,380903,406843,postcodes
M50 2UW,380424,397668,postcodes
M50 3XW,380970,397028,postcodes
M6 5YD,380087,398571,postcodes
M6 7FR,379842,399847,postcodes
M60 0AS,384214,398884,postcodes
M7 4LH,382685,401567,postcodes
M7 4LJ,382682,401618,postcodes
M7 4NX,382822,401175,postcodes
M7 4QY,383317,402316,postcodes
M8 5DY,383845,402198,postcodes
M8 8DT,384808,400209,postcodes
M8 8QA,384272,399502,postcodes
M9 0RP,385607,404399,postcodes
M9 7SS,388057,403372,postcodes
ME1 1BG,574780,167901,postcodes
ME1 1HY,574738,168063,postcodes
ME1 1TE,574103,168491,postcodes
ME1 2FA,574905,167390,postcodes
ME1 2UW,574327,165761,postcodes
ME1 3BY,574171,166566,postcodes
ME1 3EL,574020,166430,postcodes
ME10 1PF,588904,163864,postcodes
ME10 3DZ,591349,163627,postcodes
ME10 3RY,591518,164445,postcodes
ME10 4DB,590580,163359,postcodes
ME10 4EG,590660,162820,postcodes
ME10 4HE,590441,162644,postcodes
ME10 4NL,592058,163012,postcodes
ME10 4PT,590791,162941,postcodes
ME12 2DP,594453,173152,postcodes
ME12 3JQ,593578,172623,postcodes
ME12 4AN,601772,170621,postcodes
ME13 7BQ,601923,161598,postcodes
ME13 8RZ,601235,160399,postcodes
ME14 2LP,575559,156929,postcodes
ME14 5DS,577049,155884,postcodes
ME14 5DT,577242,155795,postcodes
ME14 5GA,578618,156729,postcodes
ME14 5GQ,578618,156729,postcodes
ME15 7BT,576678,154844,postcodes
ME15 8SW,578687,153184,postcodes
ME15 9QF,576898,153097,postcodes
ME16 0JP,574244,155622,postcodes
ME16 0SF,575290,156399,postcodes
ME16 0TJ,575149,156457,postcodes
ME16 8AH,574348,155214,postcodes
ME17 2LL,589300,152190,postcodes
ME17 3HL,581234,149347,postcodes
ME17 4HT,576003,150824,postcodes
ME17 4HX,575753,150921,postcodes
ME19 5FF,567688,159170,postcodes
ME19 6DH,569955,157395,postcodes
ME2 2LS,573176,168647,postcodes
ME2 2SX,571654,169439,postcodes
ME2 3SP,572364,169882,postcodes
ME2 4YG,574526,170227,postcodes
ME20 7DS,572961,158499,postcodes
ME20 7JU,571887,158318,postcodes
ME3 8UJ,574165,173691,postcodes
ME3 9HH,577407,172277,postcodes
ME4 4FQ,577388,169556,postcodes
ME4 5JB,576370,166392,postcodes
ME4 6DQ,575580,166980,postcodes
ME4 6JB,575486,166035,postcodes
ME4 6TJ,575095,167630,postcodes
ME5 0LB,576044,164884,postcodes
ME5 0LE,575888,164468,postcodes
ME5 0LP,576000,164283,postcodes
ME5 7EH,577459,166933,postcodes
ME6 5HS,569974,161137,postcodes
ME7 1FN,576914,169127,postcodes
ME7 2LX,578331,167405,postcodes
ME7 4LT,577623,167490,postcodes
ME7 5HT,576827,167905,postcodes
ME8 0BX,580690,165792,postcodes
ME8 7AJ,580698,166750,postcodes
ME8 8GS,582774,165824,postcodes
ME9 0BG,593704,157329,postcodes
ME9 8QJ,588977,166923,postcodes
ME9 9EA,595719,163186,postcodes
MK10 7HE,490475,239519,postcodes
MK10 9JQ,488706,238574,postcodes
MK12 5BT,480805,240797,postcodes
MK12 5NJ,480531,241152,postcodes
MK14 6BN,484273,240956,postcodes
MK16 0BJ,486761,243164,postcodes
MK17 0HJ,475129,236258,postcodes
MK18 1AT,469848,233394,postcodes
MK18 1AX,469709,233266,postcodes
MK18 3BL,476530,227719,postcodes
MK18 5AE,469050,237479,postcodes
MK18 5EH,467473,237436,postcodes
MK19 6HN,476707,239634,postcodes
MK2 3HU,487326,232716,postcodes
MK3 6EW,485839,234073,postcodes
MK3 7EB,485575,233943,postcodes
MK40 2TU,505230,250351,postcodes
MK40 4AZ,502888,249976,postcodes
MK41 7FZ,504178,251798,postcodes
MK41 7NT,504020,251059,postcodes
MK41 7UL,505267,252651,postcodes
MK41 8PX,507184,252374,postcodes
MK41 9TJ,507053,249763,postcodes
MK42 0BX,505420,249430,postcodes
MK42 6BA,505152,244367,postcodes
MK42 7EB,502118,246676,postcodes
MK42 8AA,503998,248630,postcodes
MK42 8AU,503244,248050,postcodes
MK42 8QP,502818,248021,postcodes
MK42 9AH,504920,249444,postcodes
MK42 9TR,506100,247686,postcodes
MK43 9HT,499961,244832,postcodes
MK43 9LY,501223,242528,postcodes
MK44 1JL,498955,259181,postcodes
MK44 2PT,509011,253972,postcodes
MK45 2NU,503215,236706,postcodes
MK45 4HS,509303,235709,postcodes
MK5 6EX,483107,236985,postcodes
MK5 7ZT,483164,235011,postcodes
MK5 8HD,484097,237242,terminated_postcodes
MK6 4HG,487074,236838,postcodes
MK6 5DE,486173,237013,postcodes
MK6 5EN,485612,237115,postcodes
MK6 5LA,486120,237569,postcodes
MK6 5LP,485710,237354,postcodes
MK7 7WH,490091,236608,postcodes
MK8 0PT,481637,236330,postcodes
MK8 0PU,481503,236239,postcodes
MK8 1EP,480779,237810,postcodes
N1 0HY,531246,183842,postcodes
N1 2NQ,532005,184518,postcodes
N1 5JU,533023,183581,postcodes
N1 8PQ,532024,183608,postcodes
N1 8RE,531998,183613,postcodes
N10 1NE,528184,189834,postcodes
N10 2PS,528858,189792,postcodes
N10 3JA,528369,189221,postcodes
N11 1NP,527938,193459,terminated_postcodes
N11 2AZ,529173,190901,postcodes
N11 3LX,527538,192238,postcodes
N12 0QG,527437,191569,postcodes
N12 7NJ,526064,192186,postcodes
N12 8SH,525768,192585,postcodes
N12 8TA,525975,193054,postcodes
N12 9EY,526894,191882,postcodes
N12 9HB,526929,192015,postcodes
N13 5TY,531090,192526,postcodes
N14 4HN,528389,195437,postcodes
N14 5RJ,529094,194297,postcodes
N14 7HY,529966,192358,postcodes
N16 0QJ,532838,186833,postcodes
N16 5AF,533481,187911,postcodes
N16 5DL,533152,187928,postcodes
N16 5RP,533621,187688,postcodes
N16 6JJ,534365,187121,postcodes
N16 8BZ,533316,185669,postcodes
N16 9EX,532879,186072,postcodes
N17 0BX,534001,191427,postcodes
N17 6AR,532011,189667,postcodes
N17 8HR,533543,191532,postcodes
N17 9LN,534475,189895,postcodes
N18 1NB,532871,192788,postcodes
N19 3DL,529790,187197,postcodes
N19 3EU,529743,187113,postcodes
N2 0QY,526353,189442,postcodes
N2 0SE,525682,189585,postcodes
N2 0SQ,526283,189929,postcodes
N20 8AZ,524633,194871,postcodes
N20 9AR,526920,194096,postcodes
N20 9DX,526554,194368,postcodes
N21 1QQ,530985,196131,postcodes
N21 3HS,532200,193990,postcodes
N22 5HN,531157,191191,postcodes
N22 5QJ,531614,191115,postcodes
N22 6TS,530687,190007,postcodes
N22 8DZ,530666,190903,postcodes
N22 8LB,530731,190814,postcodes
N4 1SY,532391,187758,postcodes
N5 1AR,531721,185476,postcodes
N5 2AG,531966,185420,postcodes
N5 2EG,532078,185151,postcodes
N5 2EQ,531990,185060,postcodes
N6 4AY,528345,187530,postcodes
N6 5AD,528762,187456,postcodes
N6 5HF,528785,187365,postcodes
N6 5LY,529098,187302,postcodes
N7 8LT,531360,184952,postcodes
N7 8PG,531163,184888,postcodes
N7 9LD,530061,185074,postcodes
N8 7NU,530533,189312,postcodes
N8 8RN,529466,188670,postcodes
N9 8DQ,535338,194480,postcodes
N9 9JZ,533062,194474,postcodes
N9 9TN,533405,193668,postcodes
N9 9TU,533196,193376,postcodes
NE1 3AS,424679,563615,postcodes
NE10 8LT,428446,559687,postcodes
NE11 0AN,423088,560344,postcodes
NE11 9NX,422363,561636,postcodes
NE12 6SA,427662,570953,postcodes
NE12 7BH,427783,570762,postcodes
NE12 8ER,427213,569437,postcodes
NE12 8YY,427714,569254,postcodes
NE13 6DS,423728,574098,postcodes
NE15 6AF,419874,564529,postcodes
NE15 7PX,420884,564967,postcodes
NE15 9TP,416561,566920,postcodes
NE16 5AR,420291,560695,postcodes
NE2 3BA,425081,565962,postcodes
NE2 3BB,424988,566116,postcodes
NE2 4DX,425225,565450,postcodes
NE20 9EG,416653,572743,postcodes
NE21 4BQ,417860,562987,postcodes
NE22 6BB,423945,582503,postcodes
NE22 6ED,425285,582105,postcodes
NE22 7DS,427864,582668,postcodes
NE23 1DY,426833,576878,postcodes
NE23 6BN,426176,575866,postcodes
NE23 8JT,424709,576866,postcodes
NE24 2SY,430653,580507,postcodes
NE25 0FW,430564,575670,postcodes
NE25 9AS,434243,572756,postcodes
NE25 9DL,433807,571278,postcodes
NE25 9EQ,434197,570798,postcodes
NE27 0AB,430437,571528,postcodes
NE28 7LQ,430796,566735,postcodes
NE28 7TN,431634,567954,postcodes
NE28 9JW,429837,568108,postcodes
NE29 8LF,433554,569416,postcodes
NE3 2JH,424160,568799,postcodes
NE3 3PF,424168,568580,postcodes
NE3 3RU,421915,567771,postcodes
NE3 4ES,424242,567872,postcodes
NE3 4HS,423919,567130,postcodes
NE30 4RF,436706,569408,postcodes
NE31 1QY,431460,564653,postcodes
NE31 1SR,431725,565650,postcodes
NE31 2ET,430810,562969,postcodes
NE34 0QA,436639,564886,postcodes
NE34 6DL,438027,564726,postcodes
NE34 6ET,437229,565891,postcodes
NE34 8BT,437465,563195,postcodes
NE38 8AF,430829,554904,postcodes
NE4 7SA,423967,563596,postcodes
NE4 8XJ,421898,564572,postcodes
NE4 9YH,422040,565396,postcodes
NE4 9YJ,422339,565354,postcodes
NE40 3AH,414507,564201,postcodes
NE42 5LJ,409620,562314,postcodes
NE45 5RJ,397511,563212,postcodes
NE46 1UY,394529,563852,postcodes
NE46 3JB,392368,563934,postcodes
NE47 6LR,383859,564571,postcodes
NE5 2LW,419698,566698,postcodes
NE5 2SZ,419366,566679,postcodes
NE6 4AW,429247,565230,postcodes
NE6 4ED,428982,564813,postcodes
NE61 1DN,419647,586765,postcodes
NE61 2EF,420203,584409,postcodes
NE61 2HA,420945,585042,postcodes
NE62 5DJ,425705,585272,postcodes
NE63 8DH,426884,587134,postcodes
NE63 9FZ,429098,587057,postcodes
NE65 0NG,426023,603931,postcodes
NE66 1DQ,418273,613487,postcodes
NE66 2DH,419062,611789,postcodes
NE7 7DP,426456,566678,postcodes
NE7 7PE,426082,568026,postcodes
NE8 3BE,425829,563621,postcodes
NE8 4DR,425372,562333,postcodes
NE9 5UR,426161,561167,terminated_postcodes
NE9 6LE,425330,559320,postcodes
NE9 6QD,426132,559361,postcodes
NE9 6RZ,427215,559666,postcodes
NG1 1DA,457848,340196,postcodes
NG1 1HN,457594,339595,postcodes
NG1 1NG,457620,339840,postcodes
NG1 4JB,456777,340921,postcodes
NG10 3NP,448088,333004,postcodes
NG10 4AD,448182,333977,postcodes
NG10 4DA,447598,334359,postcodes
NG10 4HR,448377,334593,postcodes
NG10 4WT,447732,334330,postcodes
NG10 5AF,446903,336241,postcodes
NG11 6LQ,457875,333412,postcodes
NG11 8HX,456040,334407,postcodes
NG12 2FQ,464968,339061,postcodes
NG12 3PA,464701,334729,postcodes
NG12 5FF,461694,331093,postcodes
NG13 0EA,480833,336628,postcodes
NG13 8BL,470361,339618,postcodes
NG14 6JZ,461305,349765,postcodes
NG15 6HB,452141,348341,postcodes
NG15 7DB,452798,349998,postcodes
NG16 2NJ,450057,344850,postcodes
NG16 2SD,447596,343102,postcodes
NG16 3EA,446227,347178,postcodes
NG16 4HL,444248,347776,postcodes
NG17 2DU,449180,360081,postcodes
NG17 2EL,448680,358840,postcodes
NG17 7HZ,451257,356089,postcodes
NG17 8HP,448993,357302,postcodes
NG18 2AD,453994,361488,postcodes
NG18 2AT,454267,361914,postcodes
NG18 2DP,455087,361595,postcodes
NG18 2DY,455546,361457,postcodes
NG18 4TJ,455157,356892,postcodes
NG18 5BA,454802,356679,postcodes
NG18 5BH,454204,358581,postcodes
NG19 0JX,458158,363047,postcodes
NG19 6BW,452769,361941,postcodes
NG19 6DX,452588,362140,postcodes
NG19 7AP,453237,362205,postcodes
NG19 8PS,454260,363839,postcodes
NG19 8QA,454436,364160,postcodes
NG2 7BW,459031,335894,postcodes
NG2 7FA,458130,335952,postcodes
NG2 7QY,456930,337044,postcodes
NG2 7YF,457193,337472,postcodes
NG20 0QN,457007,368391,postcodes
NG20 8QF,451726,368577,postcodes
NG21 0AG,459029,357841,postcodes
NG21 0DQ,458100,359132,postcodes
NG22 0JH,474641,371210,postcodes
NG22 9EX,461774,370066,postcodes
NG24 3AL,481190,352622,postcodes
NG24 3NE,482172,352720,postcodes
NG24 3NH,482298,350183,postcodes
NG24 4AB,480317,352986,postcodes
NG25 0LG,469940,353503,postcodes
NG3 2FE,458490,340556,postcodes
NG3 5TT,457171,341509,postcodes
NG3 6DS,459935,343279,postcodes
NG3 7EB,459565,340275,postcodes
NG31 6RP,491431,336254,postcodes
NG31 7JR,490388,334202,postcodes
NG31 8ED,491478,337131,postcodes
NG31 9AP,491865,335904,postcodes
NG31 9AU,491974,335979,postcodes
NG31 9AX,492212,336179,postcodes
NG31 9RT,494024,336797,postcodes
NG34 7DD,506755,346204,postcodes
NG34 7PP,506519,345831,postcodes
NG34 7PS,506527,345858,postcodes
NG34 7RJ,506636,345832,terminated_postcodes
NG34 7RS,506735,345544,postcodes
NG4 3SH,460332,342335,postcodes
NG4 4AA,462556,342431,postcodes
NG5 1EB,456473,342790,postcodes
NG5 3AE,457150,343370,postcodes
NG5 6NZ,459271,344856,postcodes
NG5 7JZ,459631,345180,postcodes
NG5 8GX,458439,346199,postcodes
NG5 8HN,458723,346496,postcodes
NG5 9AZ,455559,346001,postcodes
NG6 8AQ,454245,345838,postcodes
NG7 2PL,455158,338534,postcodes
NG7 4ED,456532,340899,postcodes
NG7 6ND,456243,341384,postcodes
NG8 3EZ,453456,341331,postcodes
NG8 3HW,453083,340900,postcodes
NG8 3LD,453812,341024,postcodes
NG8 4DQ,451527,341318,postcodes
NG8 4HY,451472,341072,postcodes
NG8 5GY,454428,341542,postcodes
NG9 3GA,450704,338541,postcodes
NG9 3GF,450565,338118,postcodes
NG9 5AL,451769,335230,postcodes
NG9 7EW,449254,336185,postcodes
NN1 1AA,475320,261359,terminated_postcodes
NN1 5PT,475979,260373,postcodes
NN1 5RT,477426,260718,postcodes
NN10 6AG,495483,267581,postcodes
NN10 8HN,496819,268912,postcodes
NN10 8LF,496405,268215,postcodes
NN11 0QE,457145,263094,postcodes
NN11 4LJ,458224,262444,postcodes
NN12 6DJ,468893,248627,postcodes
NN12 7LL,474626,244719,postcodes
NN12 8AA,470814,251708,postcodes
NN12 8TL,467105,242294,postcodes
NN14 1FQ,488183,274890,postcodes
NN14 6BB,481007,281310,postcodes
NN15 6BJ,486711,277163,postcodes
NN15 6HE,487461,277338,postcodes
NN15 6PT,487972,277488,postcodes
NN15 6SW,489058,276728,postcodes
NN15 7AA,487851,278484,postcodes
NN15 7LB,485600,278430,postcodes
NN16 8XF,483752,280175,postcodes
NN16 9NS,487765,280094,postcodes
NN17 1TD,489002,288719,postcodes
NN17 2JH,486898,290099,postcodes
NN17 3GE,493836,289142,postcodes
NN17 5EB,492258,290943,postcodes
NN18 0BX,486312,288582,postcodes
NN18 0TH,486249,288016,postcodes
NN18 8LA,487571,286279,postcodes
NN18 9NS,486122,287578,postcodes
NN2 6AF,475317,261583,postcodes
NN2 6JA,475596,261846,postcodes
NN2 6JW,475763,262370,postcodes
NN2 6LR,475165,262749,postcodes
NN2 7HR,476008,264272,postcodes
NN2 7RR,475775,263657,postcodes
NN29 7PH,491382,262915,postcodes
NN3 3EZ,478764,262854,postcodes
NN3 3RF,478626,263384,postcodes
NN3 6DG,476908,263664,postcodes
NN3 6HT,477787,264155,postcodes
NN3 6QB,477835,264649,postcodes
NN3 7RR,478006,266372,postcodes
NN3 7SD,478125,266251,postcodes
NN3 8EZ,479630,263231,postcodes
NN3 8NH,479905,262865,postcodes
NN3 8XS,480256,264299,postcodes
NN4 0HZ,475387,257880,postcodes
NN4 6TP,476988,256126,postcodes
NN4 6UU,476213,257427,postcodes
NN4 8BU,475042,258031,postcodes
NN4 8EN,474966,259405,postcodes
NN4 8QS,473367,259098,postcodes
NN5 4UX,471847,260059,postcodes
NN5 6XA,471399,261487,postcodes
NN6 0DT,480933,265555,postcodes
NN6 8QE,466055,273634,postcodes
NN6 9AX,475720,267746,postcodes
NN7 2LP,475343,251276,postcodes
NN7 3QG,468006,257675,postcodes
NN8 2BX,489592,267421,postcodes
NN8 2DQ,489507,267307,postcodes
NN8 2LA,489063,267441,postcodes
NN8 3JH,487849,267887,postcodes
NN8 4RP,489005,268625,postcodes
NN9 5TY,494229,271024,postcodes
NN9 6PA,500265,272798,postcodes
NP16 7AA,354495,193708,postcodes
NR1 2GB,622884,306645,postcodes
NR1 2HW,623374,307266,postcodes
NR1 3PB,623247,307908,postcodes
NR1 4DD,623446,308800,postcodes
NR10 4JT,609686,322356,postcodes
NR14 6BJ,635129,300661,postcodes
NR14 6QP,638401,298404,postcodes
NR16 2HU,606909,288562,postcodes
NR16 2NZ,602101,288954,postcodes
NR17 1RF,606346,291654,postcodes
NR17 2AJ,605154,295729,postcodes
NR18 0QT,611346,302190,postcodes
NR18 9SZ,607409,298509,postcodes
NR19 2EU,599117,314125,postcodes
NR2 1NR,622693,308495,postcodes
NR2 2HU,621862,307347,postcodes
NR2 2LJ,622559,307335,postcodes
NR2 2LN,622389,306935,postcodes
NR2 3DF,621840,308669,postcodes
NR2 3JA,621428,308395,postcodes
NR20 3AX,600033,313190,postcodes
NR21 9QT,591656,330792,postcodes
NR25 6EA,608909,339277,postcodes
NR26 8ND,615017,342426,postcodes
NR27 0NH,625868,339873,postcodes
NR28 9BZ,628195,330275,postcodes
NR3 1DD,622977,308992,postcodes
NR3 2PW,621314,310552,postcodes
NR30 1EA,653047,307931,postcodes
NR30 5QW,651573,313108,postcodes
NR31 7BQ,652131,304362,postcodes
NR32 2NB,654289,293751,postcodes
NR33 8HT,651361,291497,postcodes
NR34 9PG,641882,289562,postcodes
NR35 1RW,634095,288623,postcodes
NR35 2HP,636924,293723,postcodes
NR4 6BP,622488,306240,postcodes
NR4 6FF,622238,305200,postcodes
NR4 6PP,621800,306649,postcodes
NR4 7AU,620950,307518,postcodes
NR4 7LP,619909,308302,postcodes
NR5 0PX,617612,310594,postcodes
NR5 9HA,617792,309242,postcodes
NR6 5SB,620319,311945,postcodes
NR6 7AD,622988,312104,postcodes
NR7 0XS,627163,309552,postcodes
NR7 8NE,624829,311172,postcodes
NR7 9DL,625214,310566,postcodes
NR8 6HP,615598,314721,postcodes
NR9 5EA,613904,310253,postcodes
NW1 1LY,529587,182860,postcodes
NW1 1RX,529598,183193,postcodes
NW1 1TR,529377,183461,postcodes
NW1 6LG,527310,182155,postcodes
NW1 6RX,527109,181883,postcodes
NW1 6XR,527733,182260,postcodes
NW10 2UF,521488,185023,postcodes
NW10 3RN,522215,183545,postcodes
NW10 3ST,522646,183820,postcodes
NW10 4EP,521736,183622,postcodes
NW10 8HR,520652,184484,postcodes
NW11 7BN,525566,188467,postcodes
NW11 7HB,524973,188118,postcodes
NW11 7HY,525900,187176,postcodes
NW11 9LH,523884,188317,postcodes
NW2 1TR,523510,187562,postcodes
NW2 3RT,524398,185604,postcodes
NW2 7BZ,522237,186321,postcodes
NW2 7SN,521954,186372,postcodes
NW3 2BQ,528104,184492,postcodes
NW3 3AQ,526875,184121,postcodes
NW3 4YD,527527,184564,postcodes
NW3 5QA,526632,185316,postcodes
NW3 5SS,526491,184607,postcodes
NW3 5UD,526640,185531,postcodes
NW3 6XH,526202,185414,postcodes
NW4 1NA,523775,190135,postcodes
NW4 1TP,523514,189802,postcodes
NW4 2AT,523562,189090,postcodes
NW4 2HP,523568,188932,postcodes
NW4 4DQ,523261,189250,postcodes
NW4 4QR,522971,189699,postcodes
NW5 1RL,528369,186018,postcodes
NW5 1RN,528324,186045,postcodes
NW5 1RP,528379,186191,postcodes
NW5 1UJ,529065,185921,postcodes
NW5 2DB,529441,184659,postcodes
NW6 5SN,525469,183256,postcodes
NW6 7BH,524179,184192,postcodes
NW6 7BQ,523638,183904,postcodes
NW7 1QS,522605,192611,postcodes
NW7 2EP,522522,191441,postcodes
NW7 2EU,522435,190905,postcodes
NW7 4LL,521482,193560,postcodes
NW8 0NL,526552,183679,postcodes
NW8 0NP,526600,183327,postcodes
NW8 6HX,526914,184029,postcodes
NW9 0JY,520373,189422,postcodes
NW9 4AS,521761,190812,postcodes
NW9 5PE,521926,190575,postcodes
NW9 6HB,522031,189304,postcodes
NW9 7LY,521105,187326,postcodes
NW9 9HA,519778,189062,postcodes
NW9 9JR,519615,189285,postcodes
OL1 1AN,392559,404735,postcodes
OL1 1TE,392988,404973,postcodes
OL1 3SQ,392959,405499,postcodes
OL10 4TW,385048,411092,postcodes
OL11 5EW,387624,413448,postcodes
OL12 6BT,387469,414869,postcodes
OL12 6HY,389289,413238,postcodes
OL12 9HJ,390883,415752,postcodes
OL2 7HS,392847,409454,postcodes
OL6 6NX,394738,399028,postcodes
OL6 7ST,393385,398768,postcodes
OL6 9RL,395088,399487,postcodes
OL7 9DU,393136,399881,postcodes
OL8 1XU,392234,404674,postcodes
OL8 3PH,390949,401963,postcodes
OL8 3PT,390853,401843,postcodes
OL8 4BX,391956,403675,postcodes
OL9 0BN,390078,406619,postcodes
OL9 6AA,392148,405116,postcodes
OL9 6HR,391594,404928,postcodes
OX1 1BZ,450487,206094,postcodes
OX1 1RR,451286,205872,postcodes
OX1 1SA,450870,205906,postcodes
OX1 2BZ,451140,206443,postcodes
OX10 8HH,460507,189929,postcodes
OX10 9HT,458815,184163,postcodes
OX11 6BZ,450534,189688,postcodes
OX11 7AJ,451764,190085,postcodes
OX11 8AZ,452568,189448,postcodes
OX12 9BY,439626,187678,postcodes
OX12 9ET,439425,188837,postcodes
OX14 1AA,448743,197026,postcodes
OX14 1BE,448732,197747,postcodes
OX14 1DE,449305,197375,postcodes
OX14 1GG,449447,198358,postcodes
OX14 1JB,449304,197785,postcodes
OX14 1NP,449595,198347,postcodes
OX14 1RF,448466,197806,postcodes
OX14 2HR,451949,199681,postcodes
OX14 3DZ,451444,195505,postcodes
OX14 3RR,450694,197806,postcodes
OX15 4LJ,443456,236792,postcodes
OX15 4PE,443146,236145,postcodes
OX15 4UL,443786,236736,postcodes
OX15 5EP,437756,237786,postcodes
OX15 5QL,435795,237109,postcodes
OX16 0UD,443480,241681,postcodes
OX16 9AH,445379,240042,postcodes
OX16 9DG,445436,239049,postcodes
OX16 9HY,445057,239223,postcodes
OX16 9RL,444557,240131,postcodes
OX16 9UR,444085,237831,postcodes
OX17 2QR,450083,242246,postcodes
OX18 1BU,427660,207466,postcodes
OX18 2PY,426846,204867,terminated_postcodes
OX18 4PL,424806,211721,postcodes
OX2 6JR,451089,207838,postcodes
OX2 6XA,451210,208567,postcodes
OX2 7AL,450902,208534,postcodes
OX2 7EE,451053,208737,postcodes
OX2 7NN,450604,208956,postcodes
OX2 7PL,450577,209643,postcodes
OX2 7WP,452513,208370,postcodes
OX2 9JE,448151,205156,postcodes
OX20 1LP,445462,216896,postcodes
OX25 5HD,450828,226952,postcodes
OX26 1UY,456290,221192,postcodes
OX26 2NS,457845,222783,postcodes
OX26 4RS,458915,223624,postcodes
OX26 4RZ,459089,223906,postcodes
OX28 1DX,436577,210551,postcodes
OX28 4AX,435459,209293,postcodes
OX29 4AP,442796,209461,postcodes
OX29 7PU,437144,206183,postcodes
OX3 7QH,453790,206314,postcodes
OX3 7TD,453825,206828,postcodes
OX3 8DD,456032,207471,postcodes
OX3 9BZ,454275,207780,postcodes
OX3 9TS,453380,211985,postcodes
OX33 1JP,463344,204770,postcodes
OX33 1NN,459119,205837,postcodes
OX33 1QH,459678,206538,postcodes
OX4 1BD,452703,206160,postcodes
OX4 1DZ,452246,205862,postcodes
OX4 2AU,453869,205241,postcodes
OX4 2UJ,454585,204556,postcodes
OX4 3DR,453483,204605,postcodes
OX4 4DU,453087,204170,postcodes
OX4 6DQ,454844,202485,postcodes
OX4 6JZ,454260,202937,postcodes
OX4 6SB,455507,202957,postcodes
OX5 1RX,446643,213764,postcodes
OX5 2NT,449795,213315,postcodes
OX7 5DY,431489,226616,postcodes
OX7 5QH,433666,227234,postcodes
OX7 6TH,426757,226167,postcodes
OX9 2AQ,469701,205818,postcodes
PE1 2UE,519416,299664,postcodes
PE1 2UW,519739,300328,postcodes
PE1 4DZ,519999,300246,postcodes
PE1 4PP,520613,301280,postcodes
PE1 5JN,520500,299685,postcodes
PE10 0TL,511295,329485,postcodes
PE10 9DT,510072,320807,postcodes
PE10 9JD,509963,319544,postcodes
PE10 9JE,509841,319543,postcodes
PE11 2EH,525685,322726,postcodes
PE11 2EJ,525635,322562,postcodes
PE11 2PJ,525325,322277,postcodes
PE11 2XH,524639,322263,postcodes
PE12 7PU,536008,325425,postcodes
PE13 1RH,545734,309656,postcodes
PE13 2JH,547284,308832,postcodes
PE13 2RJ,545835,309006,postcodes
PE13 2SE,546493,308664,postcodes
PE14 0HJ,546616,304922,postcodes
PE14 0LP,545458,304353,postcodes
PE15 9PX,541755,295281,postcodes
PE16 6UU,539589,285550,postcodes
PE19 1DZ,518785,260791,postcodes
PE19 1LQ,519107,260689,postcodes
PE19 2EZ,519182,259826,postcodes
PE2 5RQ,515171,295438,postcodes
PE2 5SD,516526,295628,postcodes
PE2 7EA,516586,296621,postcodes
PE21 0PX,533699,343523,postcodes
PE21 6JF,533393,343610,postcodes
PE21 6JY,532982,343726,postcodes
PE21 7NL,530475,343340,postcodes
PE21 9PF,533641,345320,postcodes
PE21 9PX,533629,344700,postcodes
PE22 0NX,537228,344646,postcodes
PE22 9LD,540828,350097,postcodes
PE23 5HU,539776,366049,postcodes
PE25 2QH,555945,364114,postcodes
PE25 2QS,556181,363869,postcodes
PE26 1DG,529393,284970,postcodes
PE27 6RR,530564,272047,postcodes
PE28 0EA,510097,267603,postcodes
PE28 4BL,521123,276333,postcodes
PE28 5TQ,517046,283484,postcodes
PE29 1TQ,524594,272675,postcodes
PE29 3BN,522606,271626,postcodes
PE29 7DD,523717,272782,postcodes
PE3 6AN,518334,298588,postcodes
PE3 6AP,518121,298693,postcodes
PE3 8RL,517026,301428,postcodes
PE3 8YQ,517022,301928,postcodes
PE3 9PY,516725,299003,postcodes
PE30 2QB,562974,320417,postcodes
PE30 2QW,562780,320360,postcodes
PE30 4AW,564269,320738,postcodes
PE30 4RP,564869,319883,postcodes
PE30 5DR,561728,319760,terminated_postcodes
PE34 4EX,553199,319789,postcodes
PE37 7BB,581420,309203,postcodes
PE37 7XD,581746,309708,postcodes
PE38 9LL,561854,303412,postcodes
PE4 6HX,517495,302148,postcodes
PE4 6JT,516829,303933,postcodes
PE6 0SA,528373,304327,postcodes
PE6 0TD,529920,304199,postcodes
PE6 7JX,514951,305771,postcodes
PE6 8NF,515171,309813,postcodes
PE6 9PA,511315,314033,postcodes
PE7 1XB,527678,297341,postcodes
PE7 3BY,520382,295915,postcodes
PE7 8BF,517783,294378,postcodes
PE7 8HR,518313,294290,postcodes
PE7 8JB,518206,295336,postcodes
PE8 4BS,504399,287711,postcodes
PE8 4GH,504051,288240,postcodes
PE9 1HE,502853,308008,postcodes
PE9 2BE,503240,307306,postcodes
PL1 3JL,246770,54682,postcodes
PL1 4RL,245406,55353,postcodes
PL1 5QG,245964,54911,postcodes
PL1 5QP,246381,54916,postcodes
PL11 2NH,243254,55258,postcodes
PL12 4AY,242301,58163,postcodes
PL14 3EA,225213,64943,postcodes
PL15 9JR,233423,83739,postcodes
PL17 7DR,236188,69985,postcodes
PL18 9NS,242915,71974,postcodes
PL19 0HZ,248898,75143,postcodes
PL19 0JN,248164,76973,postcodes
PL19 8DD,247444,73539,postcodes
PL2 3DL,247144,56994,postcodes
PL20 6NN,253537,68914,postcodes
PL20 7EX,243169,67599,postcodes
PL21 0JA,263911,56623,postcodes
PL24 2DS,206636,53773,postcodes
PL25 4DJ,201950,53329,postcodes
PL3 4BD,246591,55723,postcodes
PL30 5BT,207969,59094,postcodes
PL31 1DD,207658,65727,postcodes
PL31 2GT,208088,67576,postcodes
PL4 0AT,248191,54436,postcodes
PL4 6HT,248218,55434,postcodes
PL4 6RN,248227,55920,postcodes
PL4 7PG,250045,55666,postcodes
PL4 8AT,248106,54797,postcodes
PL5 1HL,243914,58045,postcodes
PL5 2AF,245359,58487,postcodes
PL5 2PY,245938,59917,postcodes
PL5 3AG,248307,58410,postcodes
PL5 4AA,247719,59693,postcodes
PL6 5ES,248106,60118,postcodes
PL6 5HN,249027,60164,postcodes
PL6 5YB,249167,57488,postcodes
PL6 8EE,250868,58866,postcodes
PL6 8UN,250850,58965,postcodes
PL7 2RS,254230,56305,postcodes
PL7 4LT,253282,56823,postcodes
PL9 8ES,252458,52645,postcodes
PL9 9AZ,251559,53558,postcodes
PO1 2LN,463574,99492,postcodes
PO12 2QP,459002,99005,postcodes
PO12 4QA,460967,100437,postcodes
PO14 1NH,456468,106035,postcodes
PO14 3BN,455455,105812,postcodes
PO16 0HZ,457184,106250,postcodes
PO19 1SB,485461,104632,postcodes
PO19 3HP,484951,104784,postcodes
PO19 6PP,486320,106456,postcodes
PO19 8AE,486274,104190,terminated_postcodes
PO19 8EB,486342,103993,postcodes
PO2 8RA,464159,102949,postcodes
PO2 9DU,465543,103951,postcodes
PO20 1NP,486868,102962,postcodes
PO21 5LH,492214,100035,postcodes
PO22 0EN,495520,104663,postcodes
PO22 8EL,494807,100150,postcodes
PO30 1XW,450131,88070,postcodes
PO30 2DX,450724,90426,postcodes
PO30 5QT,448787,88484,postcodes
PO30 5TA,449761,89880,postcodes
PO31 8HB,449018,96124,postcodes
PO32 6LP,451411,93454,postcodes
PO33 3BE,458837,92403,postcodes
PO33 3LN,458367,91897,postcodes
PO38 1TT,456254,77658,postcodes
PO4 8GT,466736,99694,postcodes
PO5 3EQ,463990,99110,postcodes
PO6 2SA,466131,104623,postcodes
PO7 7BW,468947,108108,postcodes
PO7 8AA,468989,107355,postcodes
PO8 8QT,468008,111522,postcodes
PO8 9XP,467968,111595,postcodes
PO9 1LS,470816,106047,postcodes
PR1 1NA,353644,430629,postcodes
PR1 4BA,355059,429227,postcodes
PR1 4BD,354944,429485,postcodes
PR1 4HD,354679,429191,postcodes
PR2 2DW,352059,429653,postcodes
PR2 2HW,349638,429348,postcodes
PR2 6EE,356838,431367,postcodes
PR2 8UR,353989,432218,postcodes
PR25 3DQ,354549,420725,postcodes
PR25 4SE,355526,422731,postcodes
PR3 0RY,349901,439933,postcodes
PR3 3XB,361908,437068,postcodes
PR3 3YB,363129,437157,postcodes
PR3 6HL,339574,448529,postcodes
PR4 0HP,347759,435680,postcodes
PR4 1HX,342345,430364,postcodes
PR4 2BH,341554,432041,postcodes
PR4 2HA,342172,432242,postcodes
PR4 5SN,349686,426572,postcodes
PR5 6AQ,357868,424556,postcodes
PR5 6EP,356460,425153,postcodes
PR5 6GY,356891,426466,postcodes
PR5 8LN,357632,423778,postcodes
PR6 7AX,358284,419420,postcodes
PR6 8BN,362315,423521,postcodes
PR7 1NB,357066,417846,terminated_postcodes
PR7 1XA,357414,418507,postcodes
PR7 3HN,358139,416554,postcodes
PR8 2QZ,330369,411993,postcodes
PR8 4EX,333803,414801,postcodes
PR9 0TT,334153,417275,postcodes
PR9 0TZ,334294,417173,postcodes
PR9 8PA,336492,419245,postcodes
RG1 4JJ,472526,173247,postcodes
RG1 5BN,472062,172975,postcodes
RG1 5DZ,472178,172685,postcodes
RG1 5LW,472757,172673,postcodes
RG1 5RQ,473774,172632,postcodes
RG1 5SG,473782,172449,postcodes
RG1 8EQ,470574,174343,postcodes
RG10 8DS,478461,177431,postcodes
RG12 7BA,486984,168242,postcodes
RG12 8FS,484781,167304,postcodes
RG12 9DA,487359,168729,postcodes
RG14 1QY,445602,168122,postcodes
RG14 2DU,447565,168398,postcodes
RG14 2JG,446863,168667,postcodes
RG14 2PR,448841,167764,postcodes
RG14 3BQ,446749,171174,postcodes
RG14 6JP,446441,166078,postcodes
RG14 6NQ,445992,164723,postcodes
RG14 7TD,447215,165040,postcodes
RG18 9JJ,450602,171098,postcodes
RG18 9NU,448830,173674,postcodes
RG19 4LL,452361,167235,postcodes
RG2 0LU,471690,171466,postcodes
RG2 7ED,473273,171440,postcodes
RG2 7PY,472270,171330,postcodes
RG2 8AF,472231,170070,postcodes
RG20 6AD,451907,179634,postcodes
RG20 8HZ,441109,173313,postcodes
RG20 9BD,447685,164465,postcodes
RG20 9JW,446631,160771,postcodes
RG21 3HF,463755,151176,postcodes
RG21 5SU,463667,153234,postcodes
RG21 8TN,463173,151966,postcodes
RG22 6PS,461999,151409,postcodes
RG26 3TB,460477,162239,postcodes
RG27 0HU,468138,157279,postcodes
RG27 0JD,467439,156578,postcodes
RG27 9HY,472655,153850,postcodes
RG29 1TB,474837,147031,postcodes
RG30 2BB,469642,172404,postcodes
RG30 2TS,469686,173132,postcodes
RG30 3EP,469299,172222,postcodes
RG30 4BZ,467641,173018,postcodes
RG30 4EX,468327,172547,postcodes
RG31 5TY,465608,173575,postcodes
RG31 6SW,466303,175354,postcodes
RG31 6XY,465668,175151,postcodes
RG4 6DX,471760,175115,postcodes
RG4 6SU,475249,175213,postcodes
RG4 8LR,471232,176358,postcodes
RG4 9EY,470405,177811,postcodes
RG40 1PA,483692,168761,postcodes
RG40 1SS,481996,168649,postcodes
RG40 1TS,481506,169262,postcodes
RG40 2HR,481760,168109,postcodes
RG40 3EU,480806,167231,postcodes
RG41 1EE,480594,169256,postcodes
RG41 1JP,479926,169811,postcodes
RG41 2RE,480385,168540,postcodes
RG41 5BG,477702,169052,postcodes
RG41 5LP,478996,170495,postcodes
RG41 5NE,478138,170889,postcodes
RG42 2AD,487013,169728,postcodes
RG42 2EX,486629,170510,postcodes
RG42 4DE,484355,170632,postcodes
RG42 4FS,484955,170693,postcodes
RG45 7HZ,483986,163285,postcodes
RG45 7PU,483111,163458,postcodes
RG5 3EU,475280,173218,postcodes
RG5 4RF,477251,174544,postcodes
RG6 7HS,474802,171468,postcodes
RG7 1HF,471556,167910,postcodes
RG7 3XJ,464767,166788,postcodes
RG7 5DA,463612,171236,postcodes
RG7 6AU,460426,172553,postcodes
RG8 0PJ,465410,181891,postcodes
RG8 8LA,461910,175547,postcodes
RG9 1UH,475839,182470,postcodes
RG9 4BW,476870,178274,postcodes
RH1 2JX,528302,152094,postcodes
RH1 2LQ,527458,151696,postcodes
RH1 3DB,530200,153696,postcodes
RH1 3PR,530018,152681,postcodes
RH10 1QQ,528729,137270,terminated_postcodes
RH10 1SX,528412,137828,postcodes
RH10 4SD,531792,134214,postcodes
RH10 5AD,526785,134874,postcodes
RH10 7XW,529005,135697,postcodes
RH11 0DB,525385,136908,postcodes
RH11 0DX,525429,137149,postcodes
RH11 8JE,525522,135628,postcodes
RH11 8PG,525889,136178,postcodes
RH12 2DA,517248,131565,postcodes
RH12 2EJ,517500,131521,postcodes
RH12 3BE,506270,134069,postcodes
RH12 3PN,513496,133061,postcodes
RH13 0LJ,514886,128498,postcodes
RH13 0NJ,512451,127576,postcodes
RH13 0QX,511121,131559,postcodes
RH13 0RQ,510733,128944,postcodes
RH13 5NW,518941,130388,postcodes
RH14 9AX,509198,128820,postcodes
RH14 9RY,508564,125322,postcodes
RH15 0EG,531779,118529,postcodes
RH15 8GA,529684,120172,postcodes
RH15 8HY,531153,119679,postcodes
RH15 9EY,531347,118575,postcodes
RH16 4NQ,533877,123041,postcodes
RH17 5RD,526984,122518,postcodes
RH17 6SQ,533838,128524,postcodes
RH18 5JA,541806,134495,postcodes
RH18 5JD,541287,134094,postcodes
RH19 1QY,537595,139308,postcodes
RH19 3TY,540267,138027,postcodes
RH19 4HP,538048,133653,postcodes
RH19 4PR,535220,132080,postcodes
RH2 0QS,526063,150230,postcodes
RH2 0SD,525577,150474,postcodes
RH2 0TD,527550,152925,postcodes
RH2 7EL,526886,149547,postcodes
RH20 1LZ,501788,116083,postcodes
RH4 1LY,516692,150159,postcodes
RH5 6EA,516955,153529,postcodes
RH5 6NU,510115,142864,postcodes
RH5 6ST,511792,151102,postcodes
RH6 0BN,525811,142328,postcodes
RH6 9QA,531918,142593,postcodes
RH6 9TF,531258,140199,postcodes
RH7 6PH,539673,143251,postcodes
RH7 6PW,540265,143635,postcodes
RH8 0AB,539535,153125,postcodes
RH8 9AQ,539717,151106,postcodes
RM1 2RR,552468,188318,postcodes
RM10 7FN,550629,185295,postcodes
RM10 7SJ,548991,185915,postcodes
RM10 7UR,550133,185712,postcodes
RM10 8PP,549562,185445,postcodes
RM10 9QH,549505,184019,postcodes
RM11 3BX,554850,189150,postcodes
RM13 9XA,552940,181866,postcodes
RM14 2QR,555640,186602,postcodes
RM14 2YQ,556047,185032,postcodes
RM14 3HS,556773,186562,postcodes
RM15 5AY,558093,181747,postcodes
RM16 2WU,563579,179625,postcodes
RM16 6SA,559327,178383,postcodes
RM19 1QY,555641,177957,postcodes
RM3 8HN,553575,190762,postcodes
RM3 9XR,555203,192451,postcodes
RM3 9YA,555075,192641,postcodes
RM6 4RS,546883,188007,postcodes
RM6 4TR,546951,188440,postcodes
RM6 4XX,546864,189017,postcodes
RM6 5RX,546878,189381,postcodes
RM6 6SB,548501,188765,postcodes
RM7 0XU,550836,186846,postcodes
RM7 9NX,549392,188178,postcodes
RM8 1JT,549216,187076,postcodes
RM8 1JU,549400,187066,postcodes
RM8 1XE,547217,187229,postcodes
RM9 4UN,547589,183746,postcodes
RM9 5QT,547958,185472,postcodes
RM9 6PH,549317,183456,postcodes
RM9 6XN,548298,183741,postcodes
RM9 6XW,548012,183705,postcodes
S1 2NG,435477,386828,postcodes
S1 4QF,435477,386605,postcodes
S10 2PE,433468,386565,postcodes
S10 2PW,433635,386721,postcodes
S10 3BT,432224,386314,postcodes
S10 3DH,433042,386505,postcodes
S10 5RG,431889,386605,postcodes
S11 7LH,431958,384651,postcodes
S11 7TB,431155,384192,postcodes
S11 9QH,431510,383999,postcodes
S17 3QU,430963,380281,postcodes
S18 2FZ,435660,378413,postcodes
S2 1SN,438820,386562,postcodes
S2 2RJ,436203,386434,postcodes
S2 2RL,436016,386327,postcodes
S20 1NZ,443394,383209,postcodes
S21 4EF,443332,379548,postcodes
S21 4GN,441545,379162,postcodes
S25 2NZ,453026,386611,postcodes
S26 4SF,445108,386013,postcodes
S26 5QQ,448446,383190,postcodes
S3 9BE,435493,388628,postcodes
S33 6SD,416642,383442,postcodes
S35 0AE,430405,391988,postcodes
S35 2PH,434871,397481,postcodes
S35 9ZX,436064,394919,postcodes
S36 7BX,424127,404200,postcodes
S40 1AB,437994,371101,terminated_postcodes
S40 3NS,435441,370671,postcodes
S40 4BN,436325,371652,postcodes
S41 7NG,438469,371624,postcodes
S41 8AG,436583,373055,postcodes
S41 8BA,437700,372967,postcodes
S42 6LG,439565,365144,postcodes
S43 3PU,444054,374651,postcodes
S43 4BX,449268,375033,postcodes
S44 6DJ,447530,370667,postcodes
S45 0BA,435459,363398,postcodes
S5 6SG,436386,391434,postcodes
S6 5HG,432023,389163,postcodes
S60 2BE,443253,391611,postcodes
S60 3LX,444598,390406,postcodes
S60 5EJ,441525,389662,postcodes
S61 2NU,440590,392532,postcodes
S61 2RA,439587,393435,postcodes
S63 0BG,444836,406370,postcodes
S63 7NW,443870,400204,postcodes
S65 1EG,443137,393002,postcodes
S65 1PH,443316,393275,postcodes
S66 1JL,448377,391925,postcodes
S66 8AB,452748,392169,postcodes
S66 8AZ,451676,392553,postcodes
S66 8QN,450301,392634,postcodes
S66 9NT,449301,388784,postcodes
S7 1HQ,434322,384968,postcodes
S7 1NU,434016,385553,postcodes
S7 2DY,433793,384042,postcodes
S70 2YW,434364,406234,terminated_postcodes
S70 4RG,436490,404003,postcodes
S70 6RG,433301,405296,postcodes
S8 8BR,435430,381175,postcodes
S8 9JP,436072,383447,postcodes
S80 1HH,458612,378337,postcodes
S80 2SF,459052,377965,postcodes
S80 3AP,459825,377194,postcodes
S81 7EN,458262,380647,postcodes
S9 3TU,438177,389018,postcodes
S9 5FP,439048,388336,postcodes
SE1 0EX,532186,179934,postcodes
SE1 4AN,532856,179036,postcodes
SE1 5LA,534461,178473,postcodes
SE1 5RN,534185,178544,postcodes
SE1 5UJ,533441,178209,postcodes
SE1 6AG,532671,179135,postcodes
SE1 6SB,531866,179038,postcodes
SE1 7EH,530673,179346,postcodes
SE1 7FX,530862,179609,postcodes
SE1 7HS,531168,179417,postcodes
SE1 7HT,531293,179353,postcodes
SE1 9NA,531385,180308,postcodes
SE11 5QY,530676,178038,postcodes
SE11 6NJ,531160,179152,postcodes
SE11 6QH,531200,178649,postcodes
SE12 8AW,540583,174262,postcodes
SE12 8JP,540762,174817,postcodes
SE12 8UF,540400,174907,postcodes
SE13 5GE,538842,175760,postcodes
SE13 6TJ,539021,174029,postcodes
SE14 5SF,536014,176078,postcodes
SE15 1JF,534590,177714,postcodes
SE15 2EB,535076,176487,postcodes
SE15 6ER,533620,177480,postcodes
SE16 3TZ,534017,178910,postcodes
SE16 4UN,534237,179634,postcodes
SE16 6AT,535977,179975,postcodes
SE17 2TP,532759,178282,postcodes
SE18 1BS,545491,178991,postcodes
SE18 1QF,544850,177944,postcodes
SE18 2JD,545322,176948,postcodes
SE18 4LD,543268,176919,postcodes
SE18 5PW,543184,178950,postcodes
SE19 1RT,532712,170974,postcodes
SE19 2JH,533846,169827,postcodes
SE19 3HL,531700,170777,postcodes
SE19 3NY,532307,171017,postcodes
SE19 3QN,532577,170747,postcodes
SE19 3UG,532610,170012,postcodes
SE2 9PT,546586,179312,postcodes
SE21 7LD,533222,172945,postcodes
SE21 8LX,532355,173672,postcodes
SE21 8SQ,533219,172098,postcodes
SE22 0AT,534505,174845,postcodes
SE22 0NR,535230,174963,postcodes
SE22 8EY,533449,175109,postcodes
SE22 8SU,533346,174619,postcodes
SE22 8TE,533112,174676,postcodes
SE23 2QU,536417,172097,postcodes
SE23 2XN,535804,172131,postcodes
SE24 0HZ,532080,175340,postcodes
SE24 9JH,532849,174779,postcodes
SE25 5PQ,532888,167631,postcodes
SE25 5RR,533562,168063,postcodes
SE25 6AE,534026,168547,postcodes
SE25 6EJ,533794,168419,postcodes
SE26 4RD,535024,172368,postcodes
SE26 6BL,534686,171536,postcodes
SE27 9BZ,531889,172768,postcodes
SE28 8AT,546456,180360,postcodes
SE3 7AG,540064,177357,postcodes
SE3 7QR,539630,177440,postcodes
SE3 7SE,540176,177619,postcodes
SE3 8EP,541880,176422,postcodes
SE3 8HR,541311,176534,postcodes
SE3 8SY,540897,177171,postcodes
SE3 9PX,540858,176081,postcodes
SE4 1LE,537133,175076,postcodes
SE5 0RP,532121,176972,postcodes
SE5 0TW,531950,177174,postcodes
SE5 0UB,532071,177165,postcodes
SE5 8AZ,532662,176149,postcodes
SE5 8UF,533395,176755,postcodes
SE6 1AU,538732,173650,postcodes
SE6 1UF,539244,172342,postcodes
SE6 3QW,537708,171206,postcodes
SE6 4TY,537093,173490,postcodes
SE7 8HX,542185,177845,postcodes
SE7 8LJ,542019,179034,postcodes
SE8 5RQ,536034,178632,postcodes
SE9 1DA,542505,174452,postcodes
SE9 1TY,543468,174457,postcodes
SE9 2PT,544326,174756,postcodes
SE9 4QF,541794,172968,postcodes
SE9 5EE,542250,174421,postcodes
SE9 5EQ,541806,174461,postcodes
SE9 5NP,542707,173872,postcodes
SE9 6HR,541703,175506,postcodes
SG1 1LA,523974,223560,postcodes
SG1 3BE,523452,225654,postcodes
SG1 3RB,523722,225531,postcodes
SG1 4AE,522859,226126,postcodes
SG10 6EW,544067,216695,postcodes
SG11 1DS,537165,222073,postcodes
SG12 0DP,534833,214724,postcodes
SG12 8EH,537891,211572,postcodes
SG12 9JF,535808,213949,postcodes
SG12 9NX,535870,213427,postcodes
SG13 7NU,535825,210773,postcodes
SG13 8AJ,533151,212205,postcodes
SG13 8EN,532570,212278,postcodes
SG14 2DG,530966,212815,postcodes
SG15 6XS,520120,237287,postcodes
SG17 5QS,515505,239052,postcodes
SG18 0EP,520469,246445,postcodes
SG18 0NL,520007,244935,postcodes
SG18 8JB,520099,244635,postcodes
SG19 1BL,517109,250216,postcodes
SG2 0HS,526123,225224,postcodes
SG2 8UT,525619,224002,postcodes
SG2 9SW,525797,222783,postcodes
SG2 9XS,525626,222792,postcodes
SG4 9RS,519038,229130,postcodes
SG5 1JB,518406,229473,postcodes
SG5 2UR,518064,230727,postcodes
SG6 3JZ,521929,231443,postcodes
SG6 3PJ,521497,231954,postcodes
SG6 3QA,520872,231504,postcodes
SG6 4BA,520471,232327,postcodes
SG7 6DZ,524334,233680,postcodes
SG8 6LG,537395,246352,postcodes
SG8 7JH,536481,241439,postcodes
SG9 9BT,535804,229896,postcodes
SK10 2EE,391626,374738,postcodes
SK10 2EG,391384,374763,postcodes
SK10 4AF,389440,374874,postcodes
SK10 4SP,389149,375710,postcodes
SK11 8JR,390897,372853,postcodes
SK11 8LB,390658,373160,postcodes
SK12 1PU,392552,383039,postcodes
SK13 2DA,401927,395421,postcodes
SK15 1EB,396118,399353,postcodes
SK16 5BJ,395300,397029,postcodes
SK17 9EA,405354,372610,postcodes
SK2 5DS,392196,389409,postcodes
SK2 6TH,390242,388830,postcodes
SK2 7AF,390619,388135,postcodes
SK23 6ES,404497,382584,postcodes
SK3 0GA,389361,390104,postcodes
SK4 1SZ,389157,391358,postcodes
SK4 2HG,388353,390020,postcodes
SK4 4RE,387641,392187,postcodes
SK5 6UY,389806,394319,postcodes
SK5 7JG,389861,392028,postcodes
SK6 2SR,391927,392755,postcodes
SK6 7NN,395728,388424,postcodes
SK7 5JX,391115,385984,postcodes
SK8 1JE,385855,387433,postcodes
SK8 3DG,385362,386476,postcodes
SK8 5NW,387255,387531,postcodes
SK8 6EF,387059,385747,postcodes
SK8 6RQ,385844,384733,postcodes
SK8 7JY,387683,385278,postcodes
SK9 1LZ,384778,380603,postcodes
SK9 2GH,385643,382226,postcodes
SK9 7UD,381019,376768,postcodes
SL1 2PU,497029,179363,postcodes
SL1 2SR,496437,179456,postcodes
SL1 3AH,496644,181627,postcodes
SL1 3BW,496450,181013,postcodes
SL1 4AA,495670,180418,postcodes
SL1 5AH,495341,180229,postcodes
SL1 6LZ,494075,181618,postcodes
SL1 7HG,493590,182359,postcodes
SL2 1QE,495623,182718,postcodes
SL2 3AE,495987,182678,postcodes
SL2 4QB,498631,184281,postcodes
SL2 4QS,499449,184521,postcodes
SL2 5AY,497995,180925,postcodes
SL2 5HW,498170,180996,postcodes
SL2 5QP,499053,181847,postcodes
SL3 7AF,499084,179540,postcodes
SL3 7EF,500507,179398,postcodes
SL3 7PR,498779,179364,postcodes
SL3 7QS,500528,178766,postcodes
SL3 7UX,499198,178611,postcodes
SL3 8BY,501078,179512,postcodes
SL3 9JQ,498684,177191,postcodes
SL4 3RT,495293,175648,postcodes
SL4 5BU,495797,176714,postcodes
SL4 5EH,495853,176888,postcodes
SL4 6DW,496712,177934,postcodes
SL4 6QS,492887,179711,postcodes
SL5 7DZ,492861,168532,postcodes
SL5 7PS,493917,167987,postcodes
SL5 8BQ,489806,169040,postcodes
SL5 8DR,490075,168932,postcodes
SL5 9JF,492600,166900,postcodes
SL5 9PG,493808,167065,postcodes
SL5 9QY,493917,166795,postcodes
SL6 1BN,488980,180395,postcodes
SL6 2QB,488422,180425,postcodes
SL6 3AX,486472,179568,postcodes
SL6 3EQ,486270,179359,postcodes
SL6 3LE,488398,176884,postcodes
SL6 4PU,486779,180447,postcodes
SL6 5JB,486090,181178,postcodes
SL6 6AW,488072,181370,postcodes
SL6 6QL,484782,181042,postcodes
SL6 7NQ,487549,182633,postcodes
SL7 1JE,485668,187543,postcodes
SL7 2BR,484536,186408,postcodes
SL8 5BW,489793,187671,postcodes
SL9 8JQ,500383,189269,postcodes
SL9 8QA,500060,189443,postcodes
SL9 8TP,499104,191079,postcodes
SM1 1BT,525821,163885,postcodes
SM1 1DA,525869,163858,postcodes
SM1 1EA,525770,164053,postcodes
SM1 2AX,525584,163964,postcodes
SM1 3DY,526547,165718,postcodes
SM1 4AS,526120,164446,postcodes
SM2 5RD,526184,162395,postcodes
SM2 5SJ,526019,163064,postcodes
SM2 6TQ,525743,163005,postcodes
SM3 8AB,523781,163315,postcodes
SM3 8PW,524174,164548,postcodes
SM3 9PS,525278,166203,postcodes
SM4 5LT,525662,168059,postcodes
SM4 6DU,526772,167454,postcodes
SM5 1RW,527119,165870,postcodes
SM5 2QX,527532,164986,postcodes
SM5 3PS,527514,164391,postcodes
SM5 4NR,527870,162258,postcodes
SM5 4NS,527815,162549,postcodes
SM6 0PH,529015,162617,postcodes
SM6 7NP,529789,165143,postcodes
SM6 7PH,528933,164954,postcodes
SM6 8NQ,530789,164377,postcodes
SM6 9JW,530431,163860,postcodes
SN1 4JE,414863,183308,postcodes
SN1 5ET,414364,184764,postcodes
SN1 7DA,413307,182965,postcodes
SN10 2QQ,397710,163340,postcodes
SN10 3AG,400934,161226,postcodes
SN10 4EB,400945,154017,postcodes
SN10 4HE,399976,153650,postcodes
SN11 0DF,399486,171248,postcodes
SN11 0DS,399136,171325,postcodes
SN11 8YH,399909,170014,postcodes
SN12 6QZ,391688,162404,postcodes
SN12 8NT,384929,165571,postcodes
SN13 9DF,386724,170180,postcodes
SN14 6HJ,390812,174268,postcodes
SN14 6RJ,390973,174642,postcodes
SN15 2NF,391057,169671,postcodes
SN15 3QD,392404,173787,postcodes
SN15 3XB,393656,172558,postcodes
SN16 0DF,392478,187434,postcodes
SN2 1JR,414590,186835,postcodes
SN2 7HJ,415796,186934,postcodes
SN25 2NB,412608,189523,postcodes
SN25 2PP,412664,190326,postcodes
SN3 1AH,416853,184315,postcodes
SN4 7HG,407003,183044,postcodes
SN4 8QQ,407972,182214,terminated_postcodes
SN4 9DJ,414527,181171,postcodes
SN5 6HN,410778,184358,postcodes
SN6 6DD,410169,193872,postcodes
SN6 7SQ,419305,190227,postcodes
SN7 7LB,428440,194323,postcodes
SN8 1PA,418472,168739,postcodes
SN8 4AX,418916,168400,postcodes
SO15 2WZ,441867,112991,postcodes
SO15 5RL,441049,114287,postcodes
SO15 5UQ,441084,113884,postcodes
SO16 5NA,440159,115746,postcodes
SO16 7LT,441568,115865,postcodes
SO18 1BU,444409,114688,postcodes
SO18 1FS,444545,113640,postcodes
SO19 6DS,446816,112341,postcodes
SO19 7TB,445293,112329,postcodes
SO21 1HA,449936,129606,postcodes
SO21 1HD,450302,129474,postcodes
SO21 2NF,442481,131881,postcodes
SO22 6RX,447616,130371,postcodes
SO23 7GA,447927,130354,postcodes
SO23 9NA,448268,129006,postcodes
SO24 0LQ,462840,126386,postcodes
SO31 7HE,450764,109716,postcodes
SO40 3BU,436130,113284,postcodes
SO40 8DZ,435481,113232,postcodes
SO41 5QB,432612,97471,postcodes
SO41 8NE,431479,98127,postcodes
SO42 7ZE,430390,102524,postcodes
SO43 7DE,430180,107013,postcodes
SO43 7FT,428412,111449,postcodes
SO45 1FJ,445248,103074,postcodes
SO45 2PA,443445,104092,postcodes
SO50 5ZA,444613,118317,postcodes
SO51 6ZE,432229,120834,postcodes
SO51 6ZR,427058,122267,postcodes
SP1 2ED,414480,129627,postcodes
SP1 2JJ,415151,129624,postcodes
SP1 2RA,415136,129960,postcodes
SP1 3BL,414840,131336,postcodes
SP1 3JJ,414163,131173,postcodes
SP1 3YA,414584,130365,postcodes
SP10 3AL,435505,145397,postcodes
SP11 6LT,437605,146658,postcodes
SP11 8PR,426382,144441,postcodes
SP11 8TA,427824,141727,postcodes
SP11 9RR,425250,150250,postcodes
SP2 0JE,408928,131684,postcodes
SP2 7EU,413126,130655,postcodes
SP2 9HS,411606,131856,postcodes
SP3 4HL,406663,144895,postcodes
SP6 1EZ,415075,115300,postcodes
SP7 8ER,386734,122771,postcodes
SP7 9LP,388512,122983,postcodes
SP8 4QP,381291,126572,postcodes
SR2 7HJ,439351,555568,postcodes
SR2 7JA,439695,555827,postcodes
SR2 7JN,439119,556299,postcodes
SR2 7QN,438790,555750,postcodes
SR2 7TF,440105,555210,postcodes
SR3 1SS,437909,555029,postcodes
SR3 2NQ,437475,552025,postcodes
SR3 4AH,437985,555425,postcodes
SR4 8PG,436210,555865,postcodes
SR5 3NF,434972,559046,postcodes
SR5 3RL,435108,557628,postcodes
SR6 7EF,441151,561840,postcodes
SR6 8LG,439498,560292,postcodes
SR8 1DE,442309,540418,postcodes
SR8 2RN,442005,541212,postcodes
SR8 3LP,443138,544034,postcodes
SS0 0BP,585163,187162,postcodes
SS0 0BS,585047,187097,postcodes
SS0 0BW,585234,187339,postcodes
SS0 0RG,586956,187325,postcodes
SS0 0RT,586518,187178,postcodes
SS0 7JS,587246,185508,postcodes
SS0 7PU,587331,185320,postcodes
SS1 1ND,588171,185603,postcodes
SS11 8LY,576103,193520,postcodes
SS12 0LZ,573932,192616,postcodes
SS12 0PW,573902,192313,postcodes
SS13 3HL,573688,188473,postcodes
SS14 2LA,570884,189701,postcodes
SS17 0NW,567883,181912,postcodes
SS17 8JT,569892,184410,postcodes
SS2 4BU,589344,187377,postcodes
SS2 4UZ,590473,186152,postcodes
SS2 6LH,587886,186834,postcodes
SS3 9LL,592621,185207,postcodes
SS4 1RB,587349,190694,postcodes
SS4 1TL,587040,192104,postcodes
SS5 5HG,584670,193125,postcodes
SS6 8EB,580943,190983,postcodes
SS6 9BZ,580094,191719,postcodes
SS7 1RQ,579836,187303,postcodes
SS7 1TW,579159,188038,postcodes
SS7 4LW,576647,189232,postcodes
SS7 5RN,576986,188060,postcodes
SS9 3NH,585009,186489,postcodes
SS9 3TG,583146,186788,postcodes
SS9 4AW,584579,187789,postcodes
ST1 4LY,387743,346696,postcodes
ST1 4NF,387847,346619,postcodes
ST10 1LH,400811,342708,postcodes
ST10 2NT,398665,341841,postcodes
ST11 9AH,397433,340514,postcodes
ST11 9PW,396103,341214,postcodes
ST13 6EU,399437,356669,postcodes
ST13 7ED,397321,352997,postcodes
ST13 8NP,396582,356323,postcodes
ST14 5HN,408974,340273,postcodes
ST14 5JX,411020,339266,postcodes
ST14 7JQ,409094,333702,postcodes
ST14 8DU,409316,333775,postcodes
ST15 8DT,390635,334814,postcodes
ST16 1NR,391658,325666,postcodes
ST17 0LJ,395345,320965,postcodes
ST17 0WT,402478,320305,postcodes
ST17 9AB,391804,322518,postcodes
ST17 9JW,392107,320244,postcodes
ST17 9YJ,391277,322045,postcodes
ST18 0YG,394979,324071,postcodes
ST18 9AB,392824,317764,postcodes
ST18 9AL,390952,315602,postcodes
ST18 9AT,391438,320529,postcodes
ST19 5PH,392176,311645,postcodes
ST19 5PR,391908,310466,postcodes
ST19 5RX,393501,313866,postcodes
ST19 9BA,388141,308896,postcodes
ST19 9QT,384367,310768,postcodes
ST2 7AS,390947,350649,postcodes
ST2 8BH,390722,348207,postcodes
ST2 8PQ,391037,347788,postcodes
ST2 9JA,390489,347080,postcodes
ST21 6JR,385008,328279,postcodes
ST3 2NJ,390203,343407,postcodes
ST3 3JD,389187,341775,postcodes
ST3 5PP,392868,342532,postcodes
ST3 6AP,393310,342896,postcodes
ST4 2DG,387792,346404,postcodes
ST4 2RU,388156,345512,postcodes
ST4 3AY,389198,343857,postcodes
ST4 5NT,386724,343405,postcodes
ST4 7AA,387188,346543,postcodes
ST4 8LJ,388929,341268,postcodes
ST5 1DB,385481,345943,postcodes
ST5 2GB,384131,346471,postcodes
ST5 2SJ,384386,346456,postcodes
ST5 2TF,384543,345682,postcodes
ST6 6LZ,386887,352100,postcodes
ST6 7AB,387421,350912,postcodes
ST7 1DP,383695,354077,postcodes
ST7 1EH,384093,355119,postcodes
ST7 2HR,378787,355808,postcodes
ST7 3EL,381264,356281,postcodes
ST8 7AR,388643,356532,postcodes
SW10 0AB,526275,177037,postcodes
SW11 1HS,527011,174657,postcodes
SW11 1SH,526832,175113,postcodes
SW11 2FR,527025,175600,postcodes
SW11 3DQ,527055,176670,postcodes
SW11 5AP,527923,176526,postcodes
SW11 6BF,527384,174635,postcodes
SW12 0AB,529018,173735,postcodes
SW12 8EN,528696,174087,postcodes
SW12 8JZ,528283,173354,postcodes
SW12 8NA,528094,173804,postcodes
SW13 9JS,522502,177856,postcodes
SW13 9JT,522473,178000,postcodes
SW13 9QN,521818,177196,postcodes
SW14 8RG,521129,175237,postcodes
SW15 2UT,524621,174561,postcodes
SW15 3DG,523381,174361,postcodes
SW15 5JJ,521563,175179,postcodes
SW15 5PY,521452,174308,postcodes
SW15 6BH,523900,174602,postcodes
SW16 1AW,529564,172285,postcodes
SW16 2HY,530893,171230,postcodes
SW16 2QA,530602,172199,postcodes
SW16 2QB,530670,172184,postcodes
SW16 5UQ,529796,169888,postcodes
SW17 0AQ,526592,172585,postcodes
SW17 0DZ,527059,171791,postcodes
SW17 0NY,526101,172433,postcodes
SW17 0YG,527305,172338,postcodes
SW17 7DF,527431,172547,postcodes
SW17 9BU,528564,171009,postcodes
SW18 3TB,526260,172512,postcodes
SW18 5JR,524586,173519,postcodes
SW18 5JU,525345,173327,postcodes
SW19 2JY,525960,169848,postcodes
SW19 3QA,524452,169806,postcodes
SW19 4AB,524495,170792,postcodes
SW19 4NS,523744,170350,postcodes
SW19 4TT,523433,170661,postcodes
SW19 6JB,524283,173150,postcodes
SW19 7HB,524813,171431,postcodes
SW1E 5HJ,529272,179311,postcodes
SW1H 9LH,529816,179501,postcodes
SW1P 2DY,529594,179104,postcodes
SW1P 3PF,530046,179411,postcodes
SW1V 3AT,529431,178226,postcodes
SW1V 4LD,528761,178298,postcodes
SW1W 8JF,528267,178592,postcodes
SW1X 0AA,527860,179206,postcodes
SW2 1QS,530745,174738,postcodes
SW2 2EF,530976,173788,postcodes
SW2 3PW,531197,173160,postcodes
SW20 0JL,522543,168593,postcodes
SW20 8HA,523685,169832,postcodes
SW20 8HF,523758,169938,postcodes
SW20 9AD,524687,169337,postcodes
SW4 8DX,530104,174732,postcodes
SW4 9BL,529220,174941,postcodes
SW4 9ET,529241,174795,postcodes
SW5 0HL,525845,178581,postcodes
SW6 1RX,525339,177906,postcodes
SW6 4UN,525134,176561,postcodes
SW6 5BD,525114,177123,postcodes
SW6 6EG,524089,176364,postcodes
SW6 6SN,524042,176935,postcodes
SW7 2DG,526662,178949,postcodes
SW7 5AB,526508,178716,postcodes
SW7 5LE,526554,178891,postcodes
SW9 0AL,530664,176665,postcodes
SW9 9QD,530747,175903,postcodes
SY1 1RX,348740,312628,postcodes
SY1 1TN,349006,312233,postcodes
SY11 2AR,328622,328902,postcodes
SY11 2TL,328495,329271,postcodes
SY11 3EW,329582,335691,postcodes
SY11 3JA,330902,332897,postcodes
SY12 9AB,340096,333458,postcodes
SY13 2AA,354811,340008,postcodes
SY13 2BY,354669,340318,postcodes
SY14 8JD,349019,348106,postcodes
SY2 5SH,351054,313632,postcodes
SY21 8FF,331997,312501,postcodes
SY3 7BA,348607,312065,postcodes
SY3 9AH,348364,311393,postcodes
SY4 2JY,341849,319427,postcodes
SY4 3HE,348581,326336,postcodes
SY4 5UB,350954,329315,postcodes
SY5 7PF,353422,302018,postcodes
SY5 8PR,343088,310230,postcodes
SY5 9QZ,335465,309317,postcodes
SY8 4AD,351417,271680,postcodes
TA1 3DL,323192,124311,postcodes
TA1 3DZ,323455,123746,postcodes
TA1 3LA,323526,123908,postcodes
TA1 4QS,321742,123103,postcodes
TA1 5AU,321677,124771,postcodes
TA10 9SS,342761,126819,postcodes
TA18 8LZ,345765,108121,postcodes
TA19 9DT,336767,115551,postcodes
TA2 6AD,321886,125818,postcodes
TA2 7AX,322844,126659,postcodes
TA2 8HD,323535,126630,postcodes
TA2 8PD,325586,126747,postcodes
TA20 1JL,332166,108945,postcodes
TA20 3AJ,331483,110380,postcodes
TA21 8NT,314062,120284,postcodes
TA24 5TY,296766,145988,postcodes
TA24 6AY,297889,145151,postcodes
TA3 5PX,326890,125357,postcodes
TA3 5RH,328718,121968,postcodes
TA6 4GU,331948,138373,postcodes
TA6 4PZ,331024,137335,postcodes
TA7 0RB,335721,130529,postcodes
TA7 9NJ,341775,138497,postcodes
TA7 9QS,343037,137091,postcodes
TA9 3EE,331426,147990,postcodes
TA9 4NP,338186,147864,postcodes
TD15 2EN,399258,651545,postcodes
TD15 2JF,399881,651447,postcodes
TD15 2PX,394477,637549,postcodes
TD15 2XQ,395969,650558,postcodes
TF1 2NP,366401,311189,postcodes
TF1 3BH,365515,311714,postcodes
TF1 5NQ,367201,311633,postcodes
TF10 7BD,374336,319146,postcodes
TF10 7HL,374374,318471,postcodes
TF11 8PD,375343,308342,postcodes
TF11 8SD,375912,307310,postcodes
TF11 9ET,375335,300660,postcodes
TF2 9NZ,373561,310961,postcodes
TF2 9SQ,371632,309815,postcodes
TF3 1FA,370681,306545,postcodes
TF3 4NW,369117,308985,postcodes
TF6 5HE,361275,311003,postcodes
TF7 5FB,369115,305169,postcodes
TF7 5HX,368420,304147,postcodes
TF8 7DT,366809,304012,postcodes
TF9 1HF,367992,334369,postcodes
TN10 3EJ,559201,147756,postcodes
TN10 4PU,559503,148586,postcodes
TN11 8AA,557313,145156,postcodes
TN11 8ND,555998,148921,postcodes
TN11 9HN,556495,148714,postcodes
TN12 6LT,566817,143797,postcodes
TN12 6PY,567444,146972,postcodes
TN13 1HU,553217,154171,postcodes
TN13 1SR,552680,152902,postcodes
TN13 3LE,552379,156501,postcodes
TN13 3SL,554043,156494,postcodes
TN13 3UL,553388,155609,postcodes
TN14 6AE,548020,155796,postcodes
TN15 0NG,556704,153321,postcodes
TN15 7RD,561065,158159,postcodes
TN16 1QN,545977,154294,postcodes
TN16 3AU,542649,159301,postcodes
TN17 1LB,573869,140344,postcodes
TN17 3JD,577829,136133,postcodes
TN17 4AA,580259,133801,postcodes
TN2 3QD,560090,139893,postcodes
TN2 4AX,562692,143044,postcodes
TN2 4NE,561537,140521,postcodes
TN2 4PY,560481,140401,postcodes
TN20 6PH,558770,127026,postcodes
TN21 8RJ,559942,121198,postcodes
TN22 3DJ,547779,121659,postcodes
TN23 3BT,597550,143643,postcodes
TN23 3DL,597240,140737,postcodes
TN23 3HG,599919,140348,postcodes
TN23 4ER,599022,142356,postcodes
TN24 0QJ,602272,142565,postcodes
TN24 8AL,601952,142258,postcodes
TN24 8PB,601322,142808,postcodes
TN24 8UD,600384,143340,postcodes
TN24 9AL,601729,145521,postcodes
TN25 5EJ,605614,146912,postcodes
TN25 6PW,606744,139433,postcodes
TN27 0AX,592497,149126,postcodes
TN27 8BE,586703,136891,postcodes
TN28 8BB,606908,125087,postcodes
TN3 0TB,556476,140741,postcodes
TN30 6LT,588805,134276,postcodes
TN31 6NL,583049,124050,postcodes
TN31 6RZ,585146,122146,postcodes
TN33 0AD,574908,115704,postcodes
TN33 0TX,575708,115108,postcodes
TN33 9EG,570705,111524,postcodes
TN35 4LT,585215,115096,postcodes
TN37 7PW,579889,114079,postcodes
TN4 0RJ,557713,142985,postcodes
TN4 9PG,558264,140611,postcodes
TN4 9SH,557344,140559,postcodes
TN4 9UJ,558060,140816,postcodes
TN4 9XB,558237,141497,postcodes
TN4 9XL,557734,141101,postcodes
TN40 2JG,575452,108244,postcodes
TN40 2LU,575005,108706,postcodes
TN40 2PU,576279,108179,postcodes
TN5 6PT,561876,132848,postcodes
TN6 1BN,551289,130508,postcodes
TN6 2AS,552317,130706,postcodes
TN8 5BD,544450,146091,postcodes
TN9 1JP,559051,147146,postcodes
TN9 2HE,559643,145724,postcodes
TN9 2JP,559476,145238,postcodes
TN9 2JR,559076,145198,postcodes
TN9 2PH,558067,145647,postcodes
TN9 2PN,558360,145647,postcodes
TQ1 3DG,291497,64172,postcodes
TQ1 3PE,291998,65080,postcodes
TQ1 4RN,291519,66151,postcodes
TQ10 9HA,269511,57873,postcodes
TQ12 1PT,285211,71707,postcodes
TQ12 2NF,285674,71661,postcodes
TQ12 2QA,286332,71709,postcodes
TQ12 3JG,286588,73855,postcodes
TQ12 4HD,287589,71154,postcodes
TQ12 6QG,283642,74246,postcodes
TQ12 6RH,282880,76640,postcodes
TQ13 7AX,275838,70001,postcodes
TQ13 7EW,276365,70904,postcodes
TQ14 8LY,293780,74046,postcodes
TQ14 9HZ,293930,73376,postcodes
TQ2 7DY,289867,65289,postcodes
TQ2 7EL,289613,65194,postcodes
TQ2 7NU,290663,65640,postcodes
TQ2 8NH,291898,67397,postcodes
TQ2 8NL,291807,67273,postcodes
TQ3 2AF,288888,61262,postcodes
TQ4 7DQ,287103,59647,postcodes
TQ4 7EJ,287279,58387,postcodes
TQ5 0LN,289314,56287,postcodes
TQ5 9HF,292977,55822,postcodes
TQ6 9HW,286554,50861,postcodes
TQ7 1PL,273049,43835,postcodes
TQ9 5AL,280746,59971,postcodes
TQ9 5JX,279691,61152,postcodes
TQ9 5LQ,280711,60667,postcodes
TQ9 6AB,277245,63382,postcodes
TQ9 6EA,278761,62672,postcodes
TQ9 6JD,278657,62095,postcodes
TQ9 6JU,278513,62327,postcodes
TR1 1TH,183226,44523,postcodes
TR1 2HU,182236,44145,postcodes
TR1 3XX,179099,44914,postcodes
TR11 4LH,179011,33245,postcodes
TR11 4RH,180697,32246,postcodes
TR13 8NR,166030,28115,postcodes
TR14 7PP,163796,40149,postcodes
TR15 1LS,169810,42455,postcodes
TR15 1LU,169940,42540,postcodes
TR20 8TP,146328,31026,postcodes
TR4 8EG,173784,46210,postcodes
TR4 9NH,177443,44564,postcodes
TR7 3BH,182877,61921,postcodes
TR7 3JA,183516,62215,postcodes
TS10 4QR,459570,521855,postcodes
TS12 2TZ,470154,517581,postcodes
TS12 2UW,468159,519992,postcodes
TS14 6BU,461691,516212,postcodes
TS15 9EJ,442043,512531,postcodes
TS15 9ET,442187,511367,postcodes
TS16 0LA,440463,514531,postcodes
TS16 9AT,442597,514957,postcodes
TS17 6FB,445422,518783,postcodes
TS18 3TN,443383,517141,postcodes
TS19 8BU,442511,520939,postcodes
TS19 9JS,442673,521971,postcodes
TS2 1AD,450074,520801,postcodes
TS20 1LG,444580,522308,postcodes
TS20 1PQ,443350,523827,postcodes
TS24 7NT,450987,532419,postcodes
TS25 1FF,451021,529377,postcodes
TS25 1NN,451185,529883,postcodes
TS25 4EZ,449343,531656,postcodes
TS25 4HA,449358,531530,postcodes
TS27 3HS,446553,531223,postcodes
TS3 0RH,453415,518005,postcodes
TS3 7EA,451769,517676,postcodes
TS3 8BT,451931,519783,postcodes
TS4 3JS,449573,517187,postcodes
TS4 3JW,450004,516731,postcodes
TS5 4AG,447773,519261,postcodes
TS5 4JS,447620,517888,postcodes
TS6 6SU,453642,519925,postcodes
TS7 0LA,454253,515547,postcodes
TS8 0GA,450420,514570,postcodes
TS9 5AL,453058,508320,postcodes
TW1 3BB,516898,173785,postcodes
TW1 4DQ,515780,173423,postcodes
TW1 4LT,515788,173417,postcodes
TW1 4QG,516043,172489,postcodes
TW1 4QJ,516115,172901,postcodes
TW10 6HW,519024,174698,postcodes
TW10 6JW,518583,174108,postcodes
TW10 7AH,517985,173150,postcodes
TW10 7HN,517410,172453,postcodes
TW11 9PJ,517430,170708,postcodes
TW12 3HB,513136,171256,postcodes
TW12 3HD,513330,171218,postcodes
TW12 3HF,513514,171105,postcodes
TW13 4AB,510519,172815,postcodes
TW13 6PN,511748,171755,postcodes
TW13 7EF,511203,172754,postcodes
TW14 9PE,509821,173842,postcodes
TW15 3DZ,506562,172173,postcodes
TW16 6JE,510407,169333,postcodes
TW16 6LT,509561,169134,postcodes
TW16 6QE,510089,169693,postcodes
TW16 7EF,509231,169745,postcodes
TW17 9HX,508360,166832,postcodes
TW19 6BS,504667,174516,postcodes
TW2 5LH,514710,172449,postcodes
TW2 6LH,513563,173567,postcodes
TW2 7SL,515422,173880,postcodes
TW20 0HS,498947,169461,postcodes
TW20 8TE,502661,168852,postcodes
TW20 9HL,501320,171424,postcodes
TW3 1AX,514089,175937,postcodes
TW3 3EJ,512971,175635,postcodes
TW3 4BX,514278,176804,postcodes
TW3 4EP,513439,176624,postcodes
TW4 5JD,512912,174456,postcodes
TW5 0QR,513320,177368,postcodes
TW5 9PD,510734,177722,postcodes
TW7 4HS,515233,176440,postcodes
TW7 5BB,516420,176903,postcodes
TW7 5DB,516025,177945,postcodes
TW7 5ED,515788,176752,postcodes
TW7 5LJ,515270,177040,postcodes
TW7 5PN,515556,177566,postcodes
TW7 6AU,516545,176757,postcodes
TW7 6XF,516073,175779,postcodes
TW8 0EX,519069,178188,postcodes
TW8 0PG,517635,177708,postcodes
TW8 9LB,516980,178388,postcodes
Tf6 6pn,367737,322169,postcodes
UB1 1LS,512632,179976,terminated_postcodes
UB1 2GU,513134,182604,postcodes
UB1 3BT,512982,180280,postcodes
UB1 3HZ,513453,181300,postcodes
UB10 0BE,506716,183752,postcodes
UB10 0EJ,507941,183191,postcodes
UB10 8AB,506710,185521,postcodes
UB10 8QY,507931,185711,postcodes
UB10 8TS,508279,186406,postcodes
UB10 9HT,508011,183522,postcodes
UB2 4NY,512902,179156,postcodes
UB2 5HF,512094,179088,postcodes
UB3 1DH,509263,179598,postcodes
UB3 1PB,508629,178733,postcodes
UB3 2SE,509082,181288,postcodes
UB4 0LT,511270,180087,postcodes
UB4 8JP,508314,182267,postcodes
UB4 9LE,511160,182493,postcodes
UB5 4HP,512760,184896,postcodes
UB5 5LD,512117,184053,postcodes
UB5 5LQ,512160,184045,postcodes
UB5 6AG,513483,183914,postcodes
UB6 8PR,514652,183361,postcodes
UB6 9AW,514417,181993,postcodes
UB7 0LQ,505948,177752,terminated_postcodes
UB7 8AB,506120,180894,postcodes
UB8 1NQ,506243,184561,postcodes
UB8 2PR,506012,183161,postcodes
UB8 3BF,506922,181423,postcodes
UB8 3GA,506890,181113,postcodes
UB8 3HD,507664,181645,postcodes
UB8 3NW,506485,182127,postcodes
UB8 3QU,506569,181785,postcodes
UB8 3RF,506918,182637,postcodes
UB9 6ET,505694,190765,postcodes
W10 4AA,523858,182637,postcodes
W10 4LE,524369,183009,postcodes
W10 5SZ,524369,181680,postcodes
W10 6BH,523841,182027,postcodes
W10 6EB,524012,181823,postcodes
W10 6EX,523936,181008,postcodes
W10 6EY,523884,181659,postcodes
W12 0HR,522913,181485,postcodes
W12 0NW,522059,180196,postcodes
W12 0RQ,522373,180831,postcodes
W12 7BW,522788,180337,postcodes
W12 7PA,522872,180517,postcodes
W12 9JD,522611,179555,postcodes
W13 0JG,516101,181161,postcodes
W13 0NP,516656,180646,postcodes
W13 8AX,516929,181633,postcodes
W14 8BZ,524208,179842,postcodes
W14 8SH,524446,178884,postcodes
W14 8UX,524314,179039,terminated_postcodes
W14 9BL,524087,178503,postcodes
W1B 1QR,528722,181928,postcodes
W1G 8BT,528666,181576,postcodes
W1H 1PN,527652,181677,postcodes
W1H 5AU,527649,181229,postcodes
W1J 7NL,528715,180107,postcodes
W1U 2QU,528432,181474,postcodes
W1U 5BA,528296,181984,postcodes
W2 1NB,526743,181814,postcodes
W2 1QZ,526585,181592,postcodes
W2 4AT,525713,180752,postcodes
W2 4PH,525545,181122,postcodes
W2 5EZ,525471,181792,postcodes
W3 0HW,518990,181185,postcodes
W3 7DD,521552,180977,postcodes
W3 8EA,519718,180184,postcodes
W3 8EY,519459,179922,postcodes
W3 8JY,519422,178948,postcodes
W3 8LG,519294,178822,postcodes
W3 8RR,519836,180084,postcodes
W3 9PP,519366,180318,postcodes
W4 1LY,521410,178894,postcodes
W4 3UN,520934,177319,postcodes
W5 2ES,517571,181576,postcodes
W5 2JL,518383,181922,postcodes
W5 2JX,518373,181416,postcodes
W5 4EJ,517244,178882,postcodes
W5 5AL,517491,180627,postcodes
W6 0PG,522973,178859,postcodes
W6 7BS,523743,178858,postcodes
W6 7DG,523435,178677,postcodes
W6 8RB,523871,178227,postcodes
W6 9LP,522508,178577,postcodes
W6 9LR,522484,178561,postcodes
W7 1EU,515569,180977,postcodes
W7 1JJ,515192,181946,postcodes
W7 2AH,516025,179247,postcodes
W7 2BB,516095,178938,postcodes
W7 3JP,515360,180356,postcodes
W8 4PL,525697,179759,postcodes
W8 7AF,524982,179974,postcodes
W9 1RB,525783,183111,postcodes
W9 2DR,525514,182264,postcodes
W9 3HR,525022,182814,postcodes
W9 3LG,524809,182251,postcodes
WA1 4LS,363835,389473,postcodes
WA1 4PF,364307,389573,postcodes
WA10 1PP,350858,395355,postcodes
WA10 1UD,351237,395922,postcodes
WA10 3AG,348955,394201,postcodes
WA10 6PN,350284,396811,postcodes
WA11 8NY,348069,401589,postcodes
WA12 0JQ,357637,398308,postcodes
WA13 0GH,366586,386794,postcodes
WA13 0RB,369530,386969,postcodes
WA14 2NL,376119,387212,postcodes
WA14 2RS,376729,386644,postcodes
WA14 4AH,376337,387995,postcodes
WA14 4AJ,376425,387991,postcodes
WA14 5PQ,376859,389907,postcodes
WA15 0HE,378784,386113,postcodes
WA15 7RH,377870,388477,postcodes
WA15 8HT,377379,387754,postcodes
WA15 8QW,378583,387557,postcodes
WA16 0EA,374682,378289,postcodes
WA16 8PA,376687,378838,postcodes
WA2 7PA,360402,389183,postcodes
WA2 8QA,360687,390244,postcodes
WA3 7PW,365284,391078,postcodes
WA4 6DQ,360946,386771,postcodes
WA4 6RD,361286,387118,postcodes
WA5 3AA,356026,389464,postcodes
WA6 0HY,350047,376167,postcodes
WA6 6LB,352324,373363,postcodes
WA7 1QU,356501,383156,postcodes
WA7 4TD,352043,380723,postcodes
WA7 4UN,350215,382248,postcodes
WA7 4YX,352121,380537,postcodes
WA7 6EP,355411,380579,postcodes
WA8 6DH,351572,385251,postcodes
WA8 7HG,349945,386232,postcodes
WA8 7QQ,351203,385484,postcodes
WA9 1BU,353246,395050,postcodes
WA9 4RT,351959,391365,postcodes
WA9 5AU,351504,392479,postcodes
WC1A 2RA,530406,181618,postcodes
WC1B 3DN,529854,181588,postcodes
WC1B 4JP,530146,181864,postcodes
WC1N 3JH,530533,182041,postcodes
WC1X 8RA,530598,182565,postcodes
WC2B 4BA,530603,181260,postcodes
WC2E 9DA,530332,181034,postcodes
WD17 1JJ,511008,196773,postcodes
WD17 3EZ,510338,196899,postcodes
WD18 0AE,511052,195958,postcodes
WD18 6NS,509507,195529,postcodes
WD18 7JF,509789,196327,postcodes
WD23 1DT,513447,194525,postcodes
WD23 2TS,513051,196976,postcodes
WD23 2TY,512913,196781,postcodes
WD23 3AA,512903,195423,postcodes
WD23 4EB,515350,194900,postcodes
WD23 4PA,514340,195760,postcodes
WD25 0SS,511643,201324,postcodes
WD25 0UU,511392,201727,postcodes
WD25 7HW,511243,201147,postcodes
WD25 9JT,510946,199779,postcodes
WD3 1HG,506313,194588,postcodes
WD3 3AQ,506971,195143,postcodes
WD3 3LR,508507,196046,postcodes
WD3 4HF,505703,195459,postcodes
WD3 6EW,502870,197129,postcodes
WD3 8AB,503664,193535,postcodes
WD4 9HN,506424,203113,postcodes
WD5 0BU,509224,201664,postcodes
WD6 1HL,519900,196475,postcodes
WD6 3AF,516840,196657,postcodes
WD6 3AJ,515745,197377,postcodes
WD6 3BT,517004,196397,postcodes
WD6 5LG,520036,197860,postcodes
WD6 5NN,520579,197558,postcodes
WD7 9HW,516944,201905,postcodes
WF1 2DH,432865,421129,postcodes
WF1 2PF,432280,423585,postcodes
WF1 2QN,432750,420813,postcodes
WF1 3QX,433028,421451,postcodes
WF1 4AD,434028,422309,postcodes
WF1 4AZ,434256,421628,postcodes
WF10 2HR,440682,429173,postcodes
WF10 3JU,445630,425219,postcodes
WF12 9EE,423295,419751,postcodes
WF13 4LA,423831,422345,postcodes
WF13 4LL,423536,422114,postcodes
WF14 0DQ,419251,421922,postcodes
WF14 9EZ,419744,421181,postcodes
WF16 0AD,421936,423607,postcodes
WF16 0AH,421936,423524,postcodes
WF17 0LD,423461,426219,postcodes
WF17 5QW,424141,424134,postcodes
WF17 8AS,422279,424946,postcodes
WF2 0LW,431681,422914,postcodes
WF2 0PD,431092,422122,postcodes
WF3 1JQ,427290,426030,postcodes
WF3 3PS,432968,426068,postcodes
WF4 3JL,432347,415449,postcodes
WF4 4JG,426864,415436,postcodes
WF5 0DG,427875,419264,postcodes
WF5 9BS,427633,422458,postcodes
WF7 6BD,442244,422409,postcodes
WF7 7DT,444033,415858,postcodes
WF7 7LT,444055,417209,postcodes
WF8 4QR,444682,422189,postcodes
WF9 2UJ,446906,411927,postcodes
WF9 4AB,442797,413421,postcodes
WN1 1HQ,357852,405904,postcodes
WN1 1NN,358278,405587,postcodes
WN1 1RS,358016,405780,postcodes
WN2 4XA,363297,404085,postcodes
WN3 4EL,358032,405285,postcodes
WN3 6SP,356537,402909,postcodes
WN4 0EP,357019,401353,postcodes
WN4 0LZ,356119,400634,postcodes
WN5 0LJ,353817,406624,postcodes
WN5 7TT,352942,399680,postcodes
WN5 7XF,353587,403275,postcodes
WN6 0PP,354828,411439,postcodes
WN6 9JB,353147,409290,postcodes
WN7 4JY,364860,399325,postcodes
WN7 4SB,364660,400291,postcodes
WN8 8EH,346932,406435,postcodes
WR1 1HP,384731,255853,postcodes
WR1 2LL,385016,254389,postcodes
WR10 2BX,395067,247465,postcodes
WR11 1BN,404334,242751,postcodes
WR11 1DQ,404291,242975,postcodes
WR11 4QH,404113,244509,postcodes
WR12 7DE,409023,238011,postcodes
WR14 3DF,377759,245146,postcodes
WR14 3NZ,378855,244964,postcodes
WR14 4JF,377280,241630,postcodes
WR15 8PH,358162,265641,postcodes
WR2 4AF,384156,254234,postcodes
WR3 8HN,386081,257207,postcodes
WR4 9JL,386880,256718,postcodes
WR5 2BA,389058,251037,postcodes
WR5 2JX,387059,253401,postcodes
WR5 2LU,387327,253986,postcodes
WR6 5AH,369983,249408,postcodes
WR6 5JE,378960,251658,postcodes
WR6 6EW,370643,262459,postcodes
WR8 0AD,383611,245133,postcodes
WR8 0BL,383890,242065,postcodes
WR8 0DX,380260,242277,postcodes
WR9 0AA,388923,263057,postcodes
WR9 0AJ,387168,261002,postcodes
WS1 1RL,401311,298295,postcodes
WS1 1RS,401429,298316,postcodes
WS1 2ND,401735,298192,postcodes
WS1 2PG,402334,297857,postcodes
WS1 4AB,401025,296959,postcodes
WS10 8QJ,396661,296905,postcodes
WS10 9QS,399687,296135,postcodes
WS10 9QU,399847,296198,postcodes
WS11 0LG,397688,309181,postcodes
WS11 1JT,398494,310725,postcodes
WS11 4AW,397656,311003,postcodes
WS11 9SP,402338,308963,postcodes
WS12 1DH,400426,311623,postcodes
WS12 4JH,398944,312582,postcodes
WS12 4JS,399228,312495,postcodes
WS13 6PJ,411562,308843,postcodes
WS13 7EW,410419,310755,postcodes
WS13 7LH,411561,309852,postcodes
WS13 7NB,411983,310352,postcodes
WS14 9DE,412256,308662,postcodes
WS14 9EE,412106,308745,postcodes
WS15 1FY,406053,317407,postcodes
WS15 2UB,401648,317205,postcodes
WS15 2UE,402938,317663,postcodes
WS15 3JQ,408679,319797,postcodes
WS15 4PT,408244,313925,postcodes
WS2 7AN,401035,300110,postcodes
WS2 7DQ,399144,301092,postcodes
WS2 8ES,401279,299072,postcodes
WS2 8HN,401036,299066,postcodes
WS2 8PR,400306,298751,postcodes
WS2 9UA,399433,298257,postcodes
WS3 2ED,399991,301171,postcodes
WS3 3LX,400180,302868,postcodes
WS4 1BW,403458,302817,postcodes
WS4 2AE,401729,299111,postcodes
WS5 4PG,401368,296343,postcodes
WS6 6LQ,398860,307658,postcodes
WS6 7JQ,397127,307036,postcodes
WS7 2DB,405125,309286,postcodes
WS7 3QW,404521,307847,postcodes
WS9 0BG,405136,299922,postcodes
WS9 0RF,405827,296082,postcodes
WS9 0RN,405949,300170,postcodes
WS9 9PA,405430,304137,postcodes
WV1 2BH,394090,298621,postcodes
WV1 4AH,390964,299067,postcodes
WV10 0JR,391958,299350,postcodes
WV10 6SE,390658,302740,postcodes
WV10 8BL,392765,301472,postcodes
WV10 8BY,392862,302146,postcodes
WV10 8ED,392404,302759,postcodes
WV10 8NZ,393651,302558,postcodes
WV11 1RD,393300,300219,postcodes
WV11 2QE,396426,301631,postcodes
WV11 3ES,395235,300614,postcodes
WV12 4BD,398265,300054,postcodes
WV12 4QZ,396542,300408,postcodes
WV14 0LN,394776,295976,postcodes
WV14 6BT,393869,297196,postcodes
WV14 6EH,394129,297537,postcodes
WV14 6LU,395132,297558,postcodes
WV14 7BL,396236,297292,postcodes
WV16 6SU,361526,289561,postcodes
WV3 0EG,390734,297151,postcodes
WV3 8HU,387561,298165,postcodes
WV3 9DU,388938,298765,postcodes
WV3 9DW,388737,298718,postcodes
WV3 9RB,389982,298669,postcodes
WV4 4NT,388052,296419,postcodes
WV4 5DG,390835,295952,postcodes
WV4 5HP,389188,295399,postcodes
WV4 6JP,393639,296218,terminated_postcodes
WV5 8BJ,386677,293119,postcodes
WV6 0BY,389538,299258,postcodes
WV6 8DA,386431,298516,postcodes
WV6 8QX,388784,299886,postcodes
WV6 8XF,387746,300053,postcodes
WV6 8XG,387654,300068,postcodes
WV7 3AG,382781,304189,postcodes
WV8 1PQ,387441,303589,postcodes
WV8 1RT,389062,302240,postcodes
YO10 4FY,461392,449303,postcodes
YO10 5ZA,463027,451121,postcodes
YO11 2JW,503416,487276,postcodes
YO11 3BA,504519,486615,postcodes
YO11 3BQ,504284,483374,postcodes
YO12 4HA,502941,486836,postcodes
YO12 5LF,502280,487763,postcodes
YO16 4QU,517071,466955,postcodes
YO16 6UR,518895,468484,postcodes
YO17 7NH,477765,472136,postcodes
YO17 9PT,479607,470624,postcodes
YO18 8NG,479332,484664,postcodes
YO21 1JU,489340,510762,postcodes
YO21 1LA,489668,510131,postcodes
YO22 4QD,493683,504305,postcodes
YO23 2BB,458299,448539,postcodes
YO23 2QA,460017,449196,postcodes
YO23 3FR,455167,447494,postcodes
YO24 1BJ,459513,450966,postcodes
YO24 4DD,459312,451070,postcodes
YO25 5HR,503161,458090,postcodes
YO25 6UG,502065,457790,postcodes
YO26 9SS,446331,459451,postcodes
YO30 6AB,459633,452608,postcodes
YO30 7BU,459969,452435,postcodes
YO31 0LW,462587,452501,postcodes
YO32 4BZ,461126,456115,postcodes
YO32 9WT,461347,455309,postcodes
YO42 2LL,481146,449125,postcodes
YO42 2NJ,480035,448757,postcodes
YO43 3GA,487123,441977,postcodes
YO61 3EF,452888,469164,postcodes
YO62 4ER,460128,478804,postcodes
YO62 7HQ,468193,484649,postcodes
YO7 1RZ,442673,481110,postcodes
YO7 4EN,438522,483193,postcodes
YO8 8NL,467706,426701,postcodes
